team_size,planned_duration_days,total_tasks,remaining_hard_tasks,remaining_high_priority_tasks,elapsed_time_ratio,task_completion_ratio,overdue_tasks_count,avg_member_kpi,delay_risk_level
7,50,220,27,64,0.54,0.13,10,0.92,0
4,73,149,8,11,0.55,0.64,3,0.67,0
13,41,110,22,23,1.18,0.59,0,0.7,2
11,94,37,6,4,0.3,0.97,3,0.95,0
8,127,50,12,10,0.98,0.54,9,0.75,2
13,53,155,5,22,0.47,0.16,21,0.77,1
5,58,265,62,79,0.9,0.6,16,0.98,2
7,75,236,47,51,0.56,0.86,41,0.94,1
10,106,245,8,70,0.74,1.0,38,0.58,2
3,128,22,4,5,1.02,0.49,0,0.74,2
7,80,219,29,59,0.98,0.39,35,0.99,2
11,69,238,67,58,1.05,0.92,14,0.69,2
11,53,109,4,15,0.17,0.27,3,0.69,0
8,111,40,7,3,0.86,0.65,1,0.6,1
5,53,25,2,2,0.25,0.47,2,0.56,0
4,104,146,41,0,0.56,0.14,12,0.87,0
8,46,175,17,27,0.7,0.41,10,0.89,0
8,19,109,31,16,0.54,0.34,3,0.98,0
3,160,118,31,18,0.67,0.72,17,0.89,1
6,93,182,14,53,1.2,0.95,36,0.62,2
5,105,246,59,67,0.25,0.34,38,0.52,2
2,110,171,51,8,0.84,0.83,10,0.99,1
8,72,225,17,24,0.54,0.15,11,0.67,1
12,72,273,35,34,0.25,0.58,11,0.66,0
14,61,272,42,29,0.27,0.16,7,0.95,0
6,26,283,25,67,1.14,0.94,31,0.79,2
2,120,12,0,1,1.07,0.79,1,0.61,0
12,58,37,2,6,1.1,0.69,5,0.94,2
5,102,158,13,40,1.19,0.84,21,1.0,2
1,113,37,4,8,0.33,0.68,2,0.54,0
12,168,74,3,2,0.49,0.97,4,0.93,0
10,179,30,7,6,0.84,0.74,4,0.7,2
6,20,261,55,34,0.63,0.93,18,0.76,0
13,146,244,6,21,0.56,0.57,10,0.96,0
12,58,236,46,3,0.49,0.21,17,0.99,0
9,71,22,4,3,0.75,0.58,1,0.63,1
1,44,58,16,6,0.73,0.21,1,0.61,2
11,36,127,0,9,0.28,0.63,21,0.54,2
11,151,63,4,13,0.62,0.53,10,0.78,1
10,173,147,40,33,0.71,0.66,6,0.51,2
12,120,62,17,4,0.73,0.11,0,0.71,1
12,171,53,11,0,0.33,0.28,7,0.54,2
14,52,62,14,15,0.92,0.54,2,0.7,2
14,172,83,2,0,0.13,0.96,6,0.52,0
14,95,55,8,15,0.49,0.45,0,0.92,0
3,113,22,1,4,0.96,0.48,0,0.6,2
12,15,174,9,16,0.72,0.74,27,0.66,2
7,90,111,26,8,0.39,0.64,17,0.94,1
4,25,289,11,0,0.86,0.37,11,0.87,1
9,52,267,37,18,0.72,0.47,17,0.61,0
3,26,147,41,6,0.98,0.3,3,0.54,2
5,59,172,9,31,0.91,0.97,2,0.86,0
3,168,120,35,5,0.77,0.22,23,0.7,2
7,126,111,33,17,0.64,0.43,14,0.88,1
5,30,26,4,4,0.25,0.12,2,0.72,0
9,117,277,14,24,0.39,0.3,42,0.67,2
7,111,191,18,2,0.56,0.8,32,0.73,1
2,101,33,4,0,0.76,0.28,5,0.87,2
4,122,38,3,0,0.67,0.17,0,0.95,0
9,176,180,15,39,0.42,0.53,6,0.52,0
12,83,237,69,22,0.11,0.11,31,0.76,1
14,171,197,9,47,0.65,0.18,14,0.52,1
2,87,239,52,30,0.41,0.83,46,0.73,1
10,76,128,0,17,0.91,0.79,17,0.94,1
9,169,165,29,25,0.13,0.92,31,0.68,2
10,73,281,77,60,0.74,0.87,11,0.97,1
5,92,184,15,15,1.14,0.71,31,0.82,1
2,50,113,6,4,0.29,0.15,7,0.97,0
4,35,101,19,16,0.62,0.8,19,0.88,1
12,161,195,41,19,0.2,0.86,6,0.55,0
12,109,292,60,38,0.79,0.82,30,0.62,2
7,81,190,18,36,0.71,0.56,30,0.7,2
12,30,179,13,26,0.55,0.31,15,0.59,1
13,25,196,56,36,0.67,0.86,18,0.75,0
8,163,184,50,30,1.09,0.75,36,0.74,2
3,158,231,31,51,0.32,0.98,19,0.98,0
14,151,242,61,51,0.12,0.24,29,0.72,1
1,131,171,23,27,1.05,0.3,1,0.89,2
4,35,143,18,29,0.73,0.29,24,0.97,2
2,133,233,10,61,1.08,0.81,30,0.94,2
8,63,162,20,21,0.76,0.27,13,0.6,1
4,27,42,6,5,0.99,0.16,0,0.75,1
2,42,64,0,14,0.57,1.0,7,0.67,2
14,177,16,2,2,0.92,0.12,0,0.7,2
6,138,253,59,5,1.1,0.85,0,0.68,1
6,20,135,27,36,0.73,0.43,16,0.91,2
10,42,21,4,0,0.3,0.86,0,0.73,0
4,152,25,6,5,0.4,0.6,0,0.76,0
6,46,217,1,49,0.32,0.91,28,0.99,1
13,147,52,8,14,0.37,0.93,0,0.53,0
2,124,144,34,2,0.44,0.11,9,0.74,0
10,92,237,38,42,0.71,0.17,7,0.89,2
12,173,120,11,15,0.75,0.33,13,0.58,2
2,71,169,6,16,0.57,0.7,22,0.81,1
10,39,273,72,7,0.78,0.9,39,0.62,2
14,42,234,33,39,0.19,0.51,11,0.93,0
4,17,226,59,32,0.2,0.65,4,0.66,0
14,112,54,9,1,0.29,0.27,0,0.66,0
8,154,223,45,40,0.67,0.82,19,0.8,0
14,52,68,16,15,0.34,0.97,12,0.59,2
7,28,141,27,32,0.41,0.34,6,0.64,0
12,132,113,13,30,0.54,0.55,5,0.71,0
9,42,204,31,25,0.99,0.18,4,0.68,2
14,170,166,39,47,0.12,0.6,20,0.76,1
8,88,107,11,27,0.81,0.55,14,0.8,2
5,129,235,27,20,0.84,0.23,30,0.78,2
13,45,214,6,10,0.98,0.5,36,0.83,2
2,143,88,24,11,1.13,0.4,8,0.65,2
5,97,133,3,16,0.12,0.57,3,0.56,0
8,35,227,44,39,0.27,0.63,13,0.88,0
10,40,13,1,2,1.07,0.11,1,0.93,2
9,94,99,12,22,0.6,0.78,12,0.63,2
12,139,113,23,17,0.72,0.74,12,0.7,2
12,105,128,2,4,0.83,0.43,17,0.75,2
12,34,142,25,36,0.85,0.15,18,0.77,2
13,60,105,24,9,1.12,0.78,18,0.83,2
9,114,152,37,44,1.2,0.96,17,0.52,2
13,97,297,15,10,0.89,0.32,46,0.86,2
13,19,37,9,10,0.42,0.39,1,0.53,0
1,160,287,56,7,1.07,0.27,38,0.73,2
9,144,242,64,16,0.15,0.62,43,0.91,1
7,14,26,3,0,0.35,0.24,2,0.73,0
9,71,68,11,14,1.09,0.42,10,0.57,2
8,137,99,27,25,0.38,0.73,14,0.99,1
1,179,208,56,27,0.34,0.6,2,0.94,0
12,28,35,4,9,0.25,0.45,4,0.89,1
8,175,34,2,6,1.05,0.48,0,0.71,2
8,176,276,32,52,0.65,0.61,53,0.59,2
11,77,190,22,48,0.84,0.11,30,0.97,2
3,38,77,6,6,0.36,0.17,1,0.77,0
1,37,58,4,6,0.93,0.89,1,0.93,0
8,25,184,47,50,0.94,0.17,21,0.67,2
3,31,61,1,16,0.44,0.74,4,0.67,0
3,28,111,22,32,0.55,0.93,0,0.99,0
1,40,225,11,60,0.33,0.34,24,0.76,1
11,85,197,20,7,1.17,0.43,15,0.57,2
5,73,66,1,16,0.81,0.61,1,0.61,1
10,158,56,4,6,1.13,0.89,8,0.74,1
7,106,168,38,49,0.43,0.95,30,0.52,2
10,66,183,48,25,0.96,0.77,27,0.73,2
9,21,251,16,41,0.94,0.18,41,0.71,2
12,92,291,40,46,0.86,0.7,12,0.89,0
7,40,250,35,24,1.16,0.47,13,0.68,2
9,63,14,3,0,0.53,0.52,0,0.99,0
8,144,93,21,24,0.24,0.14,14,0.59,2
12,106,257,39,61,0.84,0.27,48,0.8,2
2,37,63,12,2,0.9,0.81,9,0.54,2
1,73,170,43,39,0.73,0.51,29,0.87,2
7,135,235,0,44,0.33,0.37,30,1.0,1
7,144,24,2,2,0.65,0.45,1,0.91,0
14,161,233,63,17,0.44,0.87,19,0.78,0
8,59,70,15,18,0.57,0.77,1,0.74,0
5,28,131,21,27,0.81,0.35,0,0.92,2
3,166,286,45,46,0.92,0.21,39,0.97,2
12,30,55,5,10,0.36,0.33,4,0.99,0
8,139,71,11,1,0.55,0.93,7,0.7,0
6,97,95,18,13,0.4,0.62,10,1.0,1
11,22,219,27,12,0.32,0.58,12,0.58,0
3,179,87,18,5,0.96,0.64,8,0.63,1
1,76,211,54,41,1.1,0.43,19,0.54,2
3,130,232,10,63,0.51,0.83,18,0.64,0
5,143,231,31,27,0.93,0.57,37,0.88,2
14,101,12,1,0,1.09,0.21,1,0.93,1
3,85,15,3,2,1.03,0.22,1,0.89,2
1,152,102,7,26,0.3,0.58,18,0.82,1
5,77,17,3,3,1.15,0.94,2,0.76,2
10,85,244,64,63,0.51,0.38,43,0.85,2
7,34,117,14,18,0.47,0.88,6,0.7,0
14,31,170,46,38,0.17,0.79,1,0.92,0
7,77,218,64,9,0.63,0.32,11,0.84,0
11,95,249,7,26,0.22,0.13,13,0.85,0
9,123,59,4,6,0.37,0.19,10,0.77,1
10,108,20,5,3,0.45,0.76,2,0.94,0
10,179,165,47,45,0.99,0.28,2,0.63,2
12,45,79,2,20,1.06,0.43,2,0.69,2
13,24,178,0,7,0.43,0.55,5,0.89,0
3,58,281,13,14,1.04,0.75,35,0.75,1
7,46,77,23,8,1.04,0.2,11,0.94,2
1,115,261,14,22,0.94,0.47,44,0.67,2
4,149,57,8,10,0.26,0.54,10,0.68,2
13,24,193,49,52,0.86,0.59,7,0.94,2
4,101,196,1,56,1.14,0.84,12,0.73,0
14,54,99,17,19,0.85,0.25,4,0.76,2
5,158,148,12,37,0.46,0.83,10,0.67,0
7,89,98,25,15,0.65,0.72,17,0.64,2
7,134,283,24,17,0.81,0.6,32,0.83,1
13,59,28,5,4,0.66,0.73,4,0.56,2
11,173,163,32,27,0.23,0.47,15,0.94,0
13,93,269,17,59,0.44,0.22,1,0.89,0
4,67,117,1,7,0.98,0.7,1,0.6,0
13,99,294,36,32,1.05,0.57,31,0.85,2
7,105,68,5,7,0.25,0.68,9,0.8,1
11,161,134,32,38,1.15,0.4,5,0.59,2
3,174,282,67,37,0.46,0.92,40,0.64,2
6,173,116,15,26,0.83,0.63,18,0.7,2
12,110,254,46,57,0.93,0.18,20,0.85,2
2,15,256,46,20,0.99,0.5,38,0.82,2
10,46,17,4,2,1.14,0.78,1,0.77,1
13,171,150,19,40,0.44,0.81,20,0.88,1
14,174,17,1,2,1.04,0.55,2,0.88,2
9,90,103,8,29,0.24,0.91,20,0.81,1
5,129,48,7,3,0.88,0.34,3,0.89,1
6,167,90,12,2,0.92,0.47,7,0.67,2
12,163,196,25,52,0.85,0.91,6,0.94,0
12,116,93,2,23,0.38,0.91,3,0.81,0
12,179,97,20,28,1.06,0.72,13,0.91,2
12,116,251,16,51,0.29,0.87,46,0.77,1
4,103,102,6,28,0.16,0.18,8,0.61,0
14,135,95,11,23,0.89,0.88,3,0.77,0
14,156,53,3,13,0.62,0.39,3,0.69,1
11,119,146,25,24,1.03,0.26,13,0.85,2
10,132,83,9,9,0.52,0.32,4,0.74,0
7,62,45,6,12,0.29,0.48,2,0.92,0
12,117,110,17,14,1.02,0.33,16,0.84,2
9,74,165,10,26,0.7,0.39,0,0.84,1
7,136,264,12,35,0.31,0.22,28,0.61,2
14,147,180,47,30,0.89,0.37,28,0.99,2
1,22,225,29,31,0.66,0.62,11,0.92,0
1,19,179,22,2,0.76,0.5,21,0.89,1
9,86,261,2,69,0.61,0.41,34,0.67,2
11,116,64,9,8,1.01,0.77,8,0.77,1
14,173,100,16,17,1.01,0.9,8,0.57,2
9,54,287,48,11,0.88,0.78,19,0.77,1
4,127,110,23,0,0.22,0.4,18,0.57,2
13,21,164,8,12,1.02,0.77,24,0.78,1
9,85,150,11,31,0.84,0.24,9,0.82,2
3,105,182,44,5,0.87,0.22,3,0.7,2
7,75,19,5,5,0.5,0.41,0,0.75,0
6,97,237,9,15,1.07,0.83,4,0.94,0
8,75,274,40,16,0.9,0.32,31,0.55,2
11,124,257,16,13,0.22,0.16,2,0.9,0
9,140,256,4,1,0.55,0.22,17,0.59,1
14,20,164,16,37,1.08,0.87,24,0.52,2
5,97,43,1,11,0.15,0.67,2,0.59,0
1,145,138,29,25,1.16,0.33,21,0.88,2
3,147,169,27,9,0.85,0.6,25,0.7,2
10,71,98,4,8,0.79,0.57,4,0.94,0
12,35,102,0,14,0.4,0.69,14,0.76,1
8,167,250,60,71,0.37,0.31,37,0.51,2
11,140,126,6,9,1.14,0.88,10,0.86,0
6,16,103,18,22,0.43,0.38,4,0.56,0
8,140,172,17,22,0.95,0.72,17,0.89,0
9,54,108,18,9,0.53,0.11,19,0.58,2
4,119,122,11,16,0.25,0.44,15,0.67,2
1,27,100,2,2,0.11,0.42,3,0.88,0
14,25,215,14,51,0.7,0.59,29,0.98,1
1,100,26,1,1,1.17,0.17,2,0.69,2
10,25,283,36,61,0.51,0.81,33,0.91,1
4,154,182,35,3,0.49,0.3,26,0.6,2
12,38,125,9,35,0.48,0.71,12,0.9,0
14,58,190,0,11,0.67,0.82,30,0.83,1
7,135,100,15,26,0.58,0.61,14,0.6,2
2,160,91,16,22,1.07,0.77,11,0.65,2
3,68,123,35,35,0.66,0.7,3,0.57,0
1,113,266,47,38,0.66,0.42,44,0.69,2
5,149,67,9,14,0.25,0.83,12,0.6,2
1,132,163,28,18,1.18,0.37,4,0.82,2
8,66,125,34,6,0.37,0.61,12,1.0,0
1,45,275,68,36,0.18,0.77,14,0.51,0
11,64,212,20,10,0.83,0.44,31,0.77,2
1,57,50,3,14,0.75,0.37,7,0.79,2
2,95,114,8,3,0.56,0.51,3,0.96,0
2,159,202,30,35,0.56,0.84,35,0.75,1
12,163,287,64,53,0.96,0.94,10,0.77,1
6,50,246,37,39,0.32,0.59,39,0.74,1
7,109,230,4,45,1.0,0.7,21,0.63,1
5,69,77,16,2,0.81,0.91,5,0.53,1
1,118,206,49,34,0.56,0.19,6,0.7,0
1,72,265,23,22,0.6,0.31,8,0.53,1
3,144,148,29,41,0.38,0.74,19,0.78,1
14,169,158,20,36,0.93,0.84,17,0.65,2
2,48,108,28,31,0.66,0.87,2,0.77,0
5,106,85,21,0,0.45,0.47,1,0.57,0
12,110,291,45,24,0.76,0.18,4,0.97,1
10,148,118,24,6,1.2,0.49,17,0.95,2
6,89,197,52,0,0.58,0.31,28,0.59,2
7,62,208,30,15,1.11,0.36,2,0.67,2
4,107,163,15,33,0.48,0.8,18,0.81,1
7,172,49,11,3,0.16,0.17,0,0.55,0
11,37,142,9,21,0.32,0.84,25,0.68,2
8,161,141,16,37,0.56,0.48,25,0.63,2
11,50,288,74,59,0.34,0.64,40,0.96,1
1,17,93,20,11,0.1,0.18,17,0.93,1
6,121,251,30,28,1.11,0.4,40,0.79,2
8,139,125,8,17,1.03,0.18,20,0.76,2
5,33,118,12,6,0.92,0.97,13,0.97,1
4,165,230,19,43,0.28,0.83,14,0.97,0
2,63,50,2,5,0.23,0.51,2,0.98,0
6,109,156,34,39,0.17,0.3,10,0.56,0
6,118,121,9,27,0.9,0.94,15,0.58,2
11,177,112,15,20,1.12,0.41,3,0.84,2
1,130,55,6,6,0.57,0.24,2,0.77,0
9,111,280,82,17,0.23,0.61,26,0.51,0
12,79,204,23,47,0.66,0.95,9,0.53,0
11,92,289,6,42,0.48,0.1,34,0.94,1
6,175,292,7,19,0.51,0.31,53,0.93,2
13,177,49,8,2,0.78,0.94,7,0.68,2
3,19,198,35,9,0.89,0.25,26,0.95,2
4,52,173,21,40,0.22,0.2,20,0.8,1
12,128,33,4,2,0.14,0.61,3,0.9,0
11,138,33,0,5,1.19,0.88,1,0.71,0
4,25,13,2,1,0.36,0.53,2,0.56,2
3,144,299,45,51,0.16,1.0,14,0.72,0
10,31,190,8,49,0.31,0.71,3,0.73,0
3,53,257,8,66,0.14,0.17,38,0.78,1
3,34,125,4,16,0.53,0.99,4,0.55,0
4,156,288,8,1,0.98,0.47,21,1.0,1
7,112,78,14,9,0.48,0.36,0,0.62,0
4,39,263,15,47,0.59,0.6,7,0.6,0
9,21,190,14,31,0.84,0.37,6,0.76,2
1,113,178,9,34,0.66,0.18,1,0.77,0
8,100,258,74,11,1.05,0.1,33,0.72,2
7,55,197,50,38,1.05,0.5,32,0.89,2
2,27,63,4,3,0.11,0.85,4,0.76,0
8,91,147,14,33,0.96,0.62,25,0.8,2
1,15,177,11,18,0.61,1.0,7,0.86,0
11,132,112,16,23,1.19,0.36,7,0.51,2
12,50,94,0,1,0.63,0.35,2,0.79,0
9,82,221,44,27,1.19,0.24,27,0.94,2
9,179,12,1,2,0.93,0.25,1,0.51,2
2,54,188,50,12,0.37,0.36,23,0.7,1
7,75,47,2,11,0.69,0.81,7,0.96,1
14,73,248,59,46,1.19,0.92,27,0.68,2
10,138,178,42,31,1.04,0.98,22,0.73,2
3,124,39,1,4,0.21,0.31,7,0.99,1
7,27,199,23,28,0.88,0.89,11,0.6,0
12,97,34,1,6,0.48,0.4,2,0.53,0
10,143,121,9,17,0.11,0.2,17,0.93,1
9,83,215,16,45,0.54,0.88,26,0.93,1
4,158,194,32,25,0.36,0.67,6,0.74,0
12,136,56,6,3,1.0,0.25,4,0.76,1
1,102,237,67,15,0.47,0.49,22,0.92,0
2,41,48,1,0,1.01,0.36,4,0.87,1
1,79,25,7,2,0.1,0.76,0,0.63,0
14,176,31,2,6,0.44,0.51,5,0.51,2
12,18,222,51,52,0.37,0.99,33,0.74,1
5,177,158,16,9,0.36,0.15,15,0.93,0
5,58,250,10,71,0.18,0.42,34,0.95,1
11,164,281,72,42,0.31,0.53,50,0.98,1
7,60,68,6,18,0.71,0.55,1,0.94,0
9,44,296,58,62,0.42,0.38,14,0.79,0
9,152,211,35,45,0.56,0.76,22,0.72,1
3,23,41,5,1,0.51,0.89,6,0.89,1
3,131,171,25,11,1.06,0.94,1,0.87,0
3,27,264,57,0,1.1,0.82,51,0.77,2
4,93,263,6,56,0.64,0.87,23,0.54,0
8,106,18,3,1,0.46,0.6,1,0.96,0
6,23,148,39,34,0.22,0.84,8,0.73,0
8,89,19,0,1,1.15,0.37,0,0.68,2
1,107,223,9,54,0.17,0.46,35,0.81,1
8,118,282,60,11,0.43,0.39,53,0.84,1
4,14,57,7,2,0.43,0.52,4,0.61,0
11,146,120,14,12,0.45,0.36,22,0.92,1
1,33,162,6,19,0.28,0.97,26,0.64,2
8,21,132,20,13,0.96,0.38,12,0.59,2
4,14,111,4,25,0.23,0.19,14,0.7,1
6,70,250,35,7,0.8,0.57,21,0.87,0
8,77,200,45,21,0.24,0.15,22,0.98,1
4,131,226,17,56,0.18,0.2,2,0.9,0
14,41,60,8,1,1.1,0.3,8,0.97,2
3,134,90,26,25,0.31,0.52,0,0.57,0
14,120,97,19,28,1.0,0.49,15,0.54,2
9,178,203,51,5,0.7,0.82,33,0.78,1
3,178,113,14,9,0.19,0.77,5,0.65,0
9,62,280,64,31,1.15,0.48,18,0.91,2
13,133,105,1,24,0.37,0.4,10,0.84,0
2,57,207,7,37,1.05,0.38,24,0.99,2
14,69,10,0,1,0.29,0.8,0,0.63,0
2,169,176,21,39,1.04,0.15,20,0.74,2
2,124,135,34,4,0.11,0.11,8,0.75,0
6,147,90,9,22,0.66,0.82,0,0.62,0
3,121,260,51,55,0.95,0.53,0,0.8,2
13,161,178,37,30,1.13,0.22,3,0.72,2
9,127,82,14,21,1.1,0.31,12,0.72,2
4,91,150,16,31,1.0,0.94,28,0.68,2
1,143,79,13,4,1.08,0.87,6,0.51,1
4,50,271,27,34,0.32,0.74,27,0.76,0
1,33,254,6,37,0.41,0.53,7,0.67,0
14,39,12,3,0,0.42,0.57,1,0.5,0
5,42,72,2,20,0.51,0.98,2,0.65,0
4,14,58,1,2,0.53,0.97,7,0.64,2
8,132,85,22,17,0.7,0.29,15,0.7,2
8,48,184,16,27,0.28,0.83,7,0.57,0
7,72,118,23,0,0.86,0.28,18,0.75,2
3,82,192,18,53,0.28,0.29,0,0.85,0
1,174,201,23,51,0.44,0.71,15,0.82,0
1,25,74,5,11,0.65,0.46,1,0.9,0
12,33,280,28,19,0.98,0.94,19,0.73,0
11,56,109,13,3,0.91,0.18,3,0.76,1
3,139,41,8,4,0.81,0.56,3,0.91,2
6,63,137,21,10,0.27,0.93,11,0.71,0
7,42,52,14,7,0.7,0.91,3,0.85,1
6,52,87,1,25,0.2,0.24,11,0.72,1
14,164,298,44,51,0.52,0.43,54,0.71,1
14,51,279,48,74,0.55,0.66,22,0.88,0
6,97,171,47,33,0.14,0.24,6,0.59,0
6,164,198,2,28,0.4,0.97,10,0.67,0
13,141,256,44,65,1.15,0.92,43,0.61,2
3,139,225,57,31,1.15,0.25,25,0.68,2
6,58,177,12,46,0.49,0.21,16,0.62,0
8,65,202,53,17,0.15,0.18,6,0.79,0
11,93,292,1,11,0.3,0.92,26,0.9,0
11,137,22,4,5,0.53,0.27,1,0.89,0
2,132,249,69,43,1.14,0.47,46,0.68,2
5,21,156,30,41,0.26,0.5,27,0.99,1
14,98,213,28,59,0.94,0.64,3,0.8,0
1,142,89,1,1,0.22,0.16,9,0.7,2
12,21,52,14,7,1.18,0.3,2,0.92,2
1,170,98,13,11,0.52,0.94,8,0.86,0
5,109,157,1,29,0.95,0.92,27,0.87,2
12,115,104,21,24,0.48,0.8,10,0.6,0
13,18,160,23,13,0.79,0.12,10,0.73,0
3,99,11,0,1,0.31,0.39,0,0.93,0
4,47,31,1,6,0.26,0.67,4,0.75,1
3,68,16,0,0,1.13,0.35,1,0.84,1
1,132,215,37,52,1.11,0.92,20,0.79,1
1,171,123,22,22,1.08,0.67,5,0.92,1
12,127,281,42,80,0.79,0.16,18,0.64,2
12,158,92,22,9,0.99,0.92,17,0.79,2
14,39,188,48,6,0.18,0.96,19,0.56,2
13,149,219,40,33,0.47,0.17,17,0.85,0
14,60,133,0,3,0.45,0.58,13,0.87,0
5,126,122,25,35,0.8,0.37,19,0.52,2
6,89,21,2,0,0.49,0.45,1,0.84,0
3,85,135,22,30,0.26,0.26,4,0.71,0
12,102,62,12,9,0.76,0.62,7,0.56,2
9,59,292,30,32,1.0,0.96,38,0.71,1
5,46,149,40,2,0.52,0.55,21,0.6,2
8,14,106,4,19,0.25,0.17,18,0.71,1
13,160,14,2,2,0.32,0.66,1,0.69,0
1,44,66,0,5,0.36,0.41,0,0.87,0
14,155,78,21,21,0.43,0.87,14,0.89,1
5,66,127,4,11,0.81,0.49,11,0.8,1
3,61,68,1,9,0.76,0.27,8,0.51,2
12,82,42,4,6,0.87,0.27,5,0.97,2
1,118,59,6,1,0.5,0.79,6,0.84,1
4,103,28,1,7,1.01,0.34,1,0.52,2
13,76,223,39,25,0.32,0.79,33,0.91,1
5,86,206,27,4,0.62,0.29,33,0.6,2
7,174,56,0,6,0.98,0.39,6,0.79,2
1,102,176,16,31,0.3,0.52,17,0.73,0
3,26,298,72,45,0.22,0.95,6,0.71,0
2,86,150,31,31,1.07,0.94,2,0.94,1
9,90,93,20,1,0.48,0.29,6,0.72,0
10,172,191,40,16,0.85,0.42,11,0.54,2
6,81,88,8,21,0.13,0.23,16,0.97,1
10,111,224,6,5,0.86,0.56,35,0.96,2
3,138,23,1,5,0.45,0.51,3,0.84,1
8,115,224,55,6,0.16,0.91,23,0.73,1
14,145,137,40,34,0.77,0.94,4,0.55,2
8,115,257,38,27,0.36,0.45,50,0.9,1
2,32,38,0,6,0.53,0.54,2,0.54,0
6,95,289,12,13,0.19,0.91,6,0.53,0
7,154,211,20,4,0.26,0.83,20,0.77,0
2,36,66,11,4,0.43,0.1,11,0.58,2
11,96,227,5,8,0.2,0.39,40,0.5,2
10,122,71,20,6,1.1,0.48,0,0.71,2
2,88,166,18,25,0.11,0.31,29,0.57,2
10,142,211,57,37,0.63,0.28,11,0.58,1
1,101,26,6,6,0.24,0.13,0,0.54,0
8,67,15,3,2,0.44,0.68,2,0.6,2
1,102,67,12,12,1.12,0.34,11,0.86,2
9,156,178,33,21,0.28,0.15,21,0.9,1
11,78,91,17,12,1.16,0.31,10,0.73,2
6,89,228,43,28,0.33,0.82,37,0.75,1
7,156,186,30,46,0.92,0.87,29,0.52,2
13,162,213,63,14,0.7,0.53,37,0.53,2
10,160,80,17,0,1.07,0.47,8,0.63,2
7,73,275,64,53,0.71,0.98,53,0.77,2
10,106,107,28,6,0.69,0.28,21,0.87,2
3,174,217,14,57,0.32,0.29,5,0.8,0
2,62,11,0,2,0.28,0.36,1,0.7,0
9,48,133,19,3,1.11,0.26,13,0.56,2
8,115,289,44,9,0.46,0.44,22,0.89,0
13,24,83,20,12,0.51,0.92,10,0.68,2
12,112,175,23,31,0.94,0.65,1,0.87,0
10,123,31,5,2,0.47,0.47,3,0.76,0
7,87,163,25,35,1.15,0.94,28,0.87,2
9,22,228,2,40,0.91,0.14,9,0.95,2
4,16,166,30,16,0.76,0.29,14,0.96,1
13,98,239,59,1,1.07,0.61,44,0.77,2
4,39,29,1,6,0.15,0.65,2,0.76,0
1,85,50,8,3,0.38,0.14,3,0.63,0
8,61,157,27,39,0.61,0.46,13,0.97,0
14,169,117,5,14,0.35,0.68,12,0.73,1
14,130,93,3,16,0.92,0.73,11,0.56,2
12,167,299,87,78,1.11,0.67,47,0.72,2
3,166,143,16,37,0.57,0.39,12,0.56,1
7,25,216,14,24,0.48,0.18,35,0.75,1
12,146,292,15,18,1.16,0.48,31,0.78,2
2,61,275,55,63,0.59,0.22,18,0.67,1
2,50,82,14,10,0.64,0.95,10,0.54,2
7,57,57,11,3,0.49,0.53,8,0.97,1
6,28,242,6,65,1.1,0.39,27,0.89,2
3,56,109,29,6,0.73,0.79,1,0.92,1
9,100,68,7,0,0.94,0.55,2,0.68,2
10,83,267,25,1,0.99,0.38,15,0.88,1
14,59,74,10,13,0.48,0.83,4,0.74,0
13,121,92,10,18,0.58,0.88,12,0.6,2
6,136,163,42,15,1.03,0.71,0,0.56,1
10,34,275,76,26,0.5,0.14,41,0.67,2
10,164,88,8,8,0.97,0.61,4,0.57,0
6,120,159,41,32,1.14,0.79,9,1.0,1
1,93,57,13,0,0.79,0.22,6,0.52,2
4,60,257,71,71,0.92,0.31,11,0.72,2
10,130,287,21,19,0.99,0.89,50,0.73,1
6,137,107,18,32,1.03,0.12,1,0.65,2
6,156,34,2,1,0.53,0.78,3,0.79,0
11,38,293,72,67,0.16,0.53,49,0.57,2
12,49,77,0,5,0.54,0.5,9,0.89,1
5,64,16,2,0,0.84,0.11,0,0.67,2
1,28,146,14,38,0.6,0.84,12,0.8,0
8,81,173,16,44,0.92,0.42,24,0.86,2
5,34,92,17,11,0.49,0.59,17,0.94,1
12,154,147,37,30,0.8,0.71,26,0.92,2
12,32,82,14,13,0.31,0.73,5,0.8,0
12,47,246,62,62,0.92,0.96,49,0.69,2
5,91,55,4,5,0.7,0.58,0,0.75,0
7,138,115,17,18,0.32,0.46,0,0.88,0
4,130,297,40,43,0.42,0.96,48,0.94,1
6,65,271,0,28,0.92,0.68,10,0.55,0
13,40,185,30,49,0.63,0.37,2,0.69,1
4,170,175,34,8,0.34,0.21,8,0.89,0
14,169,154,27,6,1.16,0.86,13,0.72,1
3,48,292,64,50,0.89,0.43,42,0.67,2
7,149,63,10,12,1.15,0.69,7,0.71,2
8,157,187,3,10,0.57,0.52,8,0.8,0
4,119,253,8,29,0.62,0.28,25,1.0,0
13,177,136,24,38,1.09,0.64,25,0.75,2
2,171,280,23,20,0.68,0.15,45,0.6,2
12,159,141,3,28,0.88,0.47,9,0.58,2
10,15,102,13,22,0.38,0.59,20,0.52,2
14,90,82,13,11,0.59,0.49,11,0.78,1
3,145,257,25,72,0.24,0.77,3,0.77,0
1,103,282,60,62,0.33,0.85,1,0.6,0
8,102,52,10,7,0.1,0.79,1,0.85,0
3,107,50,4,8,0.14,0.13,7,0.87,1
12,20,179,40,37,1.18,0.27,6,0.63,2
10,108,221,43,39,0.37,0.58,22,0.67,0
7,121,177,33,46,0.83,0.94,3,1.0,1
10,87,48,7,5,1.02,0.85,8,0.69,2
5,52,254,0,22,0.71,0.86,17,0.88,0
10,154,160,33,10,0.27,0.37,29,0.73,1
5,172,120,13,1,0.9,0.49,22,0.9,2
14,84,56,15,0,0.76,0.52,0,0.88,1
7,69,72,17,18,0.9,0.24,6,0.83,2
9,55,234,41,47,0.95,0.13,1,0.93,2
12,49,78,5,15,1.17,0.95,14,0.97,2
5,97,299,18,55,0.73,0.32,31,0.79,2
1,131,212,21,54,0.48,0.32,3,0.62,0
10,20,70,10,10,0.81,0.18,1,0.7,2
10,67,170,15,44,0.18,0.94,13,0.88,0
1,142,25,3,2,1.09,0.62,4,0.83,1
2,133,103,5,28,0.23,0.7,14,0.59,2
14,119,147,43,30,0.46,0.92,25,0.53,2
6,60,47,1,3,1.0,0.41,3,0.84,1
9,136,136,38,23,0.76,0.66,1,0.63,2
8,154,284,77,45,0.53,0.13,55,0.75,2
13,132,173,27,7,0.62,0.27,0,0.87,0
5,163,86,18,15,1.04,0.85,16,0.78,2
1,131,183,23,17,0.47,0.79,13,0.54,0
13,34,100,18,1,1.06,0.42,0,0.59,2
7,150,247,25,70,0.2,0.44,34,0.61,2
5,39,273,24,52,0.95,0.58,53,0.63,2
6,22,188,32,49,1.03,0.1,36,0.78,2
13,28,218,32,44,0.3,0.32,7,0.75,0
7,23,82,14,8,0.57,0.29,2,0.6,1
3,135,116,9,17,0.28,0.33,13,0.53,2
12,134,293,32,59,0.88,0.83,37,0.59,2
10,138,191,4,55,0.69,0.35,28,0.99,2
3,85,46,0,3,0.8,0.27,1,0.73,0
5,165,146,11,38,0.32,0.55,28,0.93,1
6,62,65,1,18,0.33,0.88,8,0.92,1
9,167,196,6,39,0.15,0.32,33,0.76,1
13,104,267,65,74,0.45,0.17,28,0.85,1
14,50,67,0,7,0.72,0.42,5,0.6,0
12,81,132,26,37,1.04,0.77,25,0.84,2
5,63,197,16,41,0.83,0.6,22,0.64,2
1,165,239,62,3,0.58,0.84,41,0.92,1
14,32,177,25,48,1.15,0.96,33,0.54,2
14,113,123,11,17,0.89,0.81,16,0.89,1
14,73,261,40,36,1.12,0.64,28,0.55,2
4,102,116,13,19,0.68,0.54,0,0.94,0
5,159,46,7,2,0.38,0.14,0,0.65,0
12,160,101,3,14,0.16,0.99,4,0.83,0
10,177,27,8,6,0.9,0.45,1,0.74,2
10,82,72,9,0,0.23,0.24,3,0.68,0
5,62,159,16,13,0.43,0.7,9,0.82,0
7,121,148,31,0,0.69,0.36,10,0.97,0
4,174,195,21,24,0.72,0.63,16,0.52,0
1,132,194,48,42,0.76,0.63,3,0.96,1
14,162,214,29,51,0.28,0.5,1,0.8,0
14,163,269,58,76,0.52,0.85,36,0.9,1
5,50,223,7,40,0.78,0.34,23,0.69,2
7,156,265,67,20,1.17,0.5,23,0.74,2
10,176,144,31,39,0.9,0.58,18,0.93,2
10,173,70,4,16,1.11,0.7,11,0.71,2
6,24,97,4,16,0.94,0.81,8,0.77,0
5,151,216,20,45,0.75,0.46,27,0.51,2
4,91,138,40,38,0.31,0.68,26,0.58,2
2,90,12,0,2,0.83,0.24,2,0.82,2
4,166,251,34,27,0.79,0.94,21,0.86,0
10,15,130,1,27,0.76,0.44,16,0.79,2
10,77,111,13,1,0.64,0.76,3,0.57,0
3,48,47,8,5,0.68,0.12,5,0.72,2
10,20,142,40,17,0.47,0.28,27,0.68,2
1,98,211,32,10,0.67,0.54,21,0.75,0
8,159,30,7,0,0.32,0.89,5,0.94,1
5,80,251,41,10,0.99,0.57,20,0.89,2
13,55,118,1,23,0.3,0.94,23,0.54,2
4,131,93,8,22,0.19,0.54,10,0.95,1
8,138,92,15,27,0.58,0.54,0,0.74,0
7,37,78,22,8,0.82,0.21,9,0.87,2
2,59,138,35,24,0.58,0.82,7,0.57,0
1,32,205,14,57,0.4,0.32,1,0.84,0
12,81,149,9,7,0.71,0.91,24,0.62,2
11,115,292,17,62,0.48,0.92,16,0.72,0
4,55,243,67,55,1.13,0.95,38,0.51,2
8,45,32,8,0,1.11,0.57,1,0.58,2
12,122,162,37,41,0.65,0.71,6,0.55,0
2,49,286,33,69,0.46,0.8,55,0.62,2
3,110,70,10,0,0.91,0.22,5,0.55,2
12,177,61,8,1,0.14,0.64,7,0.85,1
1,144,162,12,2,0.62,0.13,19,0.51,2
1,86,246,37,24,0.47,0.55,27,0.81,1
13,149,41,0,6,1.11,0.24,7,0.57,2
3,110,64,2,10,0.11,0.26,8,0.97,1
11,136,45,11,3,0.71,0.43,3,0.97,1
5,83,119,26,32,0.91,0.49,20,0.61,2
12,26,186,23,20,0.63,0.66,6,0.81,0
3,62,106,16,1,0.19,0.17,11,0.51,2
1,73,222,24,19,1.17,0.55,42,0.97,2
1,143,146,32,23,0.67,0.26,18,0.76,2
8,18,15,3,1,0.78,0.62,2,0.52,2
10,40,118,27,9,0.36,0.67,15,0.67,2
11,173,44,9,1,0.63,0.6,7,0.54,2
12,162,48,2,11,0.57,0.76,9,0.7,2
13,21,159,16,47,0.18,0.4,8,0.83,0
13,63,127,17,12,0.22,0.79,4,0.73,0
12,80,270,26,30,1.02,0.49,26,0.69,2
14,57,96,21,17,0.36,0.54,13,0.56,2
2,138,85,8,18,0.31,0.68,3,0.62,0
13,71,223,9,26,0.66,0.12,0,0.55,1
3,16,294,35,79,0.95,0.69,20,0.9,0
2,99,248,72,41,0.17,0.66,48,0.57,2
3,83,174,11,23,0.73,0.38,24,0.8,2
7,143,96,17,18,0.23,0.18,7,0.67,0
1,15,150,19,42,0.14,0.18,5,0.61,0
10,115,169,3,40,0.16,0.93,12,0.82,0
8,48,55,8,0,1.02,0.72,1,0.73,0
13,111,121,25,12,0.23,0.21,2,0.7,0
10,43,54,8,7,0.15,0.42,9,0.8,1
10,129,256,66,24,0.58,0.63,51,0.75,1
10,21,113,9,23,1.03,0.85,3,0.65,1
14,163,94,2,23,0.39,0.14,1,0.78,0
2,57,143,40,31,0.56,0.31,9,0.83,0
3,49,117,13,34,0.14,0.9,10,0.51,0
9,90,27,4,2,0.59,0.11,1,0.73,0
7,44,103,24,27,0.74,0.28,6,0.53,2
4,60,159,15,36,0.73,0.96,6,0.59,1
10,68,255,54,27,0.47,0.65,39,0.78,1
5,119,298,12,65,0.45,0.34,42,0.93,1
2,171,218,19,6,0.22,0.16,27,0.94,1
13,134,135,5,31,0.5,0.13,10,0.53,1
11,68,244,59,38,0.21,0.32,44,0.71,1
13,157,131,8,11,0.94,0.89,25,0.79,1
8,25,147,31,28,1.16,0.47,5,0.57,2
4,158,124,35,23,1.17,0.75,5,0.88,1
9,157,171,27,10,1.05,0.93,17,0.87,1
5,153,210,34,1,0.76,0.47,3,0.95,1
13,149,243,33,31,0.87,0.27,21,0.5,2
9,16,37,3,6,0.41,0.57,4,0.61,2
4,157,20,2,5,0.79,0.92,2,0.91,0
10,43,215,38,59,0.6,0.82,14,0.84,0
5,36,176,52,27,0.63,0.16,19,0.95,2
9,105,256,72,57,0.93,0.72,49,0.53,2
8,128,56,14,7,0.41,0.61,2,0.8,0
3,117,255,68,57,0.45,0.92,33,0.78,1
1,131,136,19,8,1.12,0.21,1,0.52,2
3,18,156,30,17,0.16,0.58,2,0.76,0
4,117,127,34,24,0.63,0.89,14,0.8,1
2,121,161,18,0,1.1,0.47,3,0.6,2
1,78,81,23,17,0.77,0.53,0,0.64,2
7,134,146,18,36,0.7,0.16,5,0.82,1
8,43,184,33,22,0.37,0.35,20,0.73,1
7,162,298,63,40,0.48,0.39,41,0.93,1
14,97,28,7,7,1.04,0.95,1,0.67,2
5,163,204,14,47,0.72,0.35,27,0.63,2
12,45,184,41,15,0.67,0.51,6,0.99,0
1,174,150,23,14,0.21,0.7,18,0.96,1
7,29,255,20,51,0.12,0.25,21,0.51,0
13,51,102,23,17,1.16,0.54,13,0.89,2
7,155,248,41,12,0.51,0.76,49,0.56,2
9,49,214,42,19,0.76,0.88,40,0.51,2
3,164,57,5,15,0.19,0.66,0,0.64,0
9,127,254,36,52,0.85,0.7,44,0.63,2
14,79,137,25,40,1.13,0.21,1,0.91,2
1,118,291,35,66,0.73,0.95,55,0.86,2
1,98,26,1,7,0.24,0.22,1,0.99,0
14,15,80,23,5,0.74,0.8,6,0.86,1
4,88,278,42,64,0.94,0.34,5,0.71,2
9,80,291,64,1,0.55,0.94,6,0.85,0
6,164,16,1,3,1.07,0.75,2,1.0,2
13,167,112,11,15,0.81,0.78,21,0.86,1
11,68,202,24,21,1.09,0.3,24,0.88,2
3,19,250,30,64,0.79,0.5,35,0.97,2
1,176,71,11,18,0.24,0.66,10,0.56,2
4,163,26,4,0,0.44,0.79,1,0.85,0
12,156,180,26,32,0.32,0.19,1,0.93,0
13,99,34,1,3,1.1,0.97,0,0.98,0
9,73,260,38,32,0.94,0.9,18,0.61,0
3,114,262,13,65,0.84,0.34,12,0.75,2
12,25,216,8,20,0.43,0.84,2,0.84,0
9,62,38,10,10,0.3,0.57,1,0.62,0
7,55,126,22,6,0.93,0.52,3,0.8,2
12,179,291,57,57,0.62,0.38,53,0.63,2
14,95,153,18,30,0.35,0.62,4,0.67,0
4,48,34,9,2,0.78,0.76,3,0.72,1
3,171,165,31,16,0.14,0.47,19,0.76,1
10,171,82,18,20,0.46,0.67,8,0.72,0
5,147,129,14,29,0.62,0.73,2,0.75,0
5,80,102,29,10,0.26,0.74,6,0.65,0
3,93,95,23,15,1.18,0.15,0,0.58,2
12,20,127,32,2,0.33,0.87,10,0.52,0
9,27,242,12,15,0.24,0.51,9,0.6,0
4,86,208,16,30,0.32,0.34,23,0.79,1
11,156,215,18,5,0.95,0.32,29,0.89,2
5,162,156,12,39,0.57,0.53,16,0.58,2
4,176,280,71,60,0.72,0.9,24,0.55,2
5,79,148,1,41,0.12,0.44,11,0.87,0
7,104,190,4,39,0.14,0.77,31,0.65,2
9,143,39,3,11,0.59,0.19,1,0.98,0
7,176,66,3,10,1.0,0.53,9,0.86,2
13,33,241,16,43,1.07,0.99,36,0.66,2
5,23,155,37,45,0.2,0.79,12,0.64,0
10,38,57,9,10,0.69,0.29,3,0.76,0
10,38,203,0,1,1.1,0.55,19,0.54,2
7,67,233,30,50,0.53,0.31,4,0.56,1
14,46,145,17,39,1.01,0.47,1,0.59,2
10,177,31,1,7,0.25,0.8,0,0.89,0
5,108,15,3,2,1.13,0.79,0,0.76,1
3,27,213,44,42,0.93,0.31,21,0.51,2
7,78,248,53,73,1.14,0.93,42,0.84,2
13,123,194,42,5,0.84,0.63,9,0.71,1
11,93,229,0,45,0.5,0.44,42,0.76,1
11,67,125,35,10,1.13,0.55,23,0.61,2
2,138,58,14,11,0.4,0.64,11,0.78,1
12,144,182,49,33,0.47,0.6,30,0.99,1
9,147,91,0,4,0.87,0.54,6,0.54,2
10,38,54,15,3,0.94,0.55,0,0.64,2
10,154,29,7,5,1.12,0.26,3,0.62,2
12,130,230,57,8,0.33,0.83,25,0.62,2
1,149,132,3,10,0.98,0.59,22,0.69,2
13,162,243,53,60,0.91,0.22,48,0.91,2
6,38,230,66,22,0.17,0.79,23,0.96,0
7,92,12,2,1,0.53,0.94,0,0.6,0
14,81,191,32,53,0.41,0.95,7,0.77,0
13,25,215,60,14,0.43,0.43,0,0.82,0
8,45,49,6,5,1.18,0.22,4,0.76,1
10,141,68,12,12,0.81,0.57,7,0.72,2
9,109,71,10,16,0.89,0.2,11,0.6,2
2,105,141,39,38,1.17,0.94,14,0.74,1
11,154,69,1,18,0.51,0.27,12,0.7,2
10,44,131,19,30,0.98,0.33,16,0.9,2
2,91,116,23,7,0.58,0.47,19,0.88,1
5,33,105,24,0,1.06,0.44,3,0.57,2
13,159,244,42,28,0.3,0.82,41,0.54,2
5,73,71,19,3,1.14,0.51,9,0.95,2
6,147,265,74,56,0.34,0.25,9,0.77,0
3,173,58,1,11,0.46,0.34,2,0.93,0
8,106,168,20,2,0.93,0.56,31,0.53,2
13,56,133,0,33,0.53,0.23,0,0.76,0
1,143,216,21,16,0.77,0.65,19,0.77,0
6,73,57,9,7,0.59,0.61,3,0.93,0
4,164,145,39,29,0.92,0.74,19,0.55,2
1,44,210,53,27,0.35,0.94,35,0.62,2
7,18,259,9,34,0.16,0.92,18,0.7,0
9,175,218,6,4,0.43,0.95,18,0.93,0
13,23,220,38,26,0.62,0.32,43,0.97,2
4,102,201,32,46,0.28,0.22,31,1.0,1
4,143,53,4,14,0.49,0.37,9,0.98,1
6,139,38,10,4,0.54,0.91,3,0.5,0
12,24,68,18,8,0.16,0.97,3,0.52,0
3,172,80,9,16,0.74,0.87,6,0.57,1
13,69,101,26,28,1.07,0.2,14,0.67,2
12,96,274,31,21,0.27,0.95,5,0.91,0
6,150,229,50,30,0.76,0.48,12,0.95,1
7,112,224,31,53,0.83,0.11,2,0.59,2
11,162,286,10,52,0.56,0.5,24,0.81,0
10,86,73,20,2,0.87,0.14,12,0.96,2
10,169,254,34,47,0.55,0.59,1,0.73,0
3,128,71,15,3,0.66,0.4,9,0.55,2
7,20,179,19,27,0.11,0.53,33,0.73,1
14,93,278,1,44,0.86,0.65,13,0.69,1
3,157,276,8,72,0.83,0.88,38,0.79,2
13,110,63,9,8,0.14,0.7,12,0.72,1
13,17,25,5,2,0.51,0.49,4,0.51,2
2,17,17,1,1,1.18,0.84,0,1.0,0
12,116,113,23,29,0.56,0.92,2,0.77,0
14,53,68,14,3,0.65,0.21,2,0.74,0
10,30,49,10,6,1.1,0.58,6,0.98,2
4,114,246,36,13,0.89,0.36,35,0.58,2
12,116,103,28,23,0.74,0.14,13,0.59,2
8,137,231,33,32,0.98,0.7,15,0.9,0
13,65,213,28,22,1.05,0.88,7,0.63,0
9,65,147,8,15,0.6,0.25,17,0.9,2
7,177,216,19,55,0.62,0.83,20,0.64,0
1,137,90,1,14,0.52,0.87,13,0.52,2
3,179,227,43,48,1.16,0.92,20,0.76,1
13,76,11,0,2,0.87,0.34,0,0.6,2
12,129,187,17,50,0.19,0.91,10,0.88,0
14,75,288,66,28,1.05,0.39,12,0.82,2
9,20,155,15,44,0.63,0.6,8,0.96,0
12,168,233,16,1,0.18,0.15,4,0.89,0
1,105,71,3,8,0.7,0.14,4,0.59,1
9,27,248,57,66,0.56,0.75,1,0.9,0
8,99,204,7,16,1.07,0.5,7,0.82,1
1,146,175,23,14,0.32,0.33,26,0.83,1
6,143,231,35,20,1.01,0.27,15,0.92,2
5,75,70,14,12,0.71,0.7,9,0.79,2
6,162,138,26,18,0.16,0.1,19,0.73,1
10,92,182,44,39,1.17,0.83,21,0.82,2
12,162,165,2,44,0.66,0.17,31,0.65,2
13,151,119,10,24,0.42,0.27,0,0.59,0
13,71,278,23,17,0.62,0.45,41,0.81,1
13,133,287,12,80,1.04,0.54,55,0.62,2
5,146,83,7,6,0.44,0.42,14,0.54,2
6,78,216,20,9,0.31,0.39,7,0.5,0
5,26,288,45,7,0.24,0.97,18,0.8,0
11,95,213,42,36,0.43,0.68,7,0.68,0
12,173,170,19,5,0.96,0.12,20,0.88,2
5,177,37,7,1,0.62,0.49,5,0.69,2
4,152,266,26,23,0.35,0.89,16,0.74,0
3,162,174,15,14,0.28,0.37,18,0.7,1
3,65,72,11,13,0.47,0.19,9,0.83,1
4,130,31,0,7,1.13,0.78,2,0.68,1
9,39,79,1,18,0.48,0.65,13,0.98,1
2,47,105,13,8,1.19,0.61,16,0.97,1
9,65,172,48,12,0.63,0.15,2,0.92,0
1,125,88,19,25,0.3,0.23,10,0.96,1
14,95,14,0,0,1.08,0.66,0,0.72,0
1,170,129,32,34,0.61,0.29,14,0.77,2
5,179,187,41,11,0.88,0.55,35,0.87,2
6,55,185,33,52,1.18,0.59,32,0.85,2
6,34,226,55,23,0.16,0.36,18,0.95,0
3,55,65,7,8,0.21,0.95,3,0.86,0
7,154,196,13,41,0.89,0.86,9,1.0,0
9,126,241,37,42,0.41,0.75,25,0.67,2
11,118,264,43,25,0.3,0.17,6,0.92,0
12,30,113,18,18,0.14,0.2,12,0.85,1
10,133,86,14,18,0.12,0.54,0,0.85,0
8,150,239,68,3,0.95,0.24,15,0.66,2
6,142,267,72,0,0.25,0.98,11,0.89,0
12,143,273,71,37,0.61,0.24,53,0.95,2
8,73,191,45,7,0.77,0.54,27,0.61,2
12,61,265,75,52,0.57,0.43,18,0.81,0
5,42,47,1,3,0.13,0.68,0,0.7,0
8,110,185,14,24,0.96,0.22,19,0.99,2
10,23,36,5,2,0.11,0.49,1,0.74,0
12,71,285,72,46,0.94,0.35,30,0.61,2
4,34,149,22,5,1.08,0.9,24,0.69,2
10,41,296,66,2,0.58,0.14,36,0.83,2
8,47,100,4,1,0.69,0.92,12,0.54,2
10,21,70,5,20,0.62,0.85,7,0.8,0
12,92,172,37,7,0.53,0.37,31,0.97,2
2,158,152,7,32,1.08,0.81,28,0.93,2
12,100,262,27,5,1.08,0.13,26,0.53,2
12,101,278,22,9,0.47,0.97,17,1.0,0
5,82,196,20,29,0.78,0.57,18,0.85,0
9,173,95,20,13,1.12,0.37,3,0.58,2
4,100,175,19,49,1.16,0.43,22,0.51,2
11,114,123,20,34,0.66,0.16,12,0.59,1
6,21,192,5,44,0.6,0.99,3,0.92,0
1,90,216,52,39,0.41,0.14,8,0.51,0
9,100,265,29,36,1.15,0.69,25,0.62,0
1,56,244,47,26,0.26,0.5,43,0.88,1
5,142,12,2,3,0.74,0.95,1,0.79,1
4,122,217,13,39,0.41,0.32,29,0.89,1
13,165,206,54,35,0.41,0.58,13,0.87,0
12,165,134,24,9,0.55,0.53,15,0.53,2
13,30,147,18,2,1.2,0.73,13,0.95,0
13,146,34,1,9,0.16,0.16,4,0.61,2
14,161,77,21,7,0.74,0.27,0,0.78,1
3,34,70,15,9,0.19,0.29,6,0.82,0
13,71,38,2,1,0.27,0.76,2,0.58,0
6,172,28,2,7,0.58,0.27,1,0.99,0
2,123,180,43,1,0.66,0.62,34,0.74,1
3,152,83,17,20,0.38,0.29,3,0.53,0
5,156,70,16,2,0.45,0.88,4,0.97,0
9,148,162,21,43,0.2,0.95,16,0.79,0
2,41,285,61,62,0.43,0.57,49,0.85,1
10,64,57,6,2,1.16,0.42,4,0.76,1
8,18,220,13,37,1.14,0.31,32,0.92,2
14,18,148,28,13,0.47,0.14,25,0.52,2
2,107,119,34,6,0.73,0.34,7,0.63,2
11,109,192,17,49,1.1,0.69,15,0.73,0
13,21,37,5,4,0.11,0.58,2,0.54,0
5,77,206,41,24,0.99,0.95,34,0.85,2
7,151,200,32,10,1.14,0.46,1,0.7,2
8,51,60,15,6,0.2,0.72,3,0.64,0
1,124,158,36,41,0.28,0.54,21,0.5,2
6,125,277,4,30,1.16,0.56,31,0.86,2
1,94,59,17,16,0.69,0.34,5,0.92,0
2,149,255,57,72,0.12,0.51,27,0.7,2
1,117,122,31,5,0.38,0.52,4,0.78,0
11,166,179,34,9,0.59,0.74,15,0.61,0
5,86,175,44,45,0.86,0.95,17,0.81,1
10,62,23,0,2,0.91,0.4,4,0.51,2
9,49,212,22,0,1.19,0.14,11,0.74,1
6,139,297,78,24,0.42,0.55,51,0.82,1
11,81,198,11,35,0.69,0.59,25,0.96,1
11,91,164,3,39,0.69,0.25,0,0.69,1
1,118,64,15,2,0.55,0.78,9,0.88,1
13,135,191,47,6,0.29,0.99,1,0.8,0
1,132,219,10,60,1.18,0.95,43,0.96,2
2,127,84,21,18,1.04,0.28,14,0.7,2
9,23,286,58,50,0.65,0.89,17,0.66,0
3,162,142,22,32,0.76,0.73,7,0.94,1
1,177,68,16,8,0.35,0.51,5,0.52,0
5,153,191,24,43,0.7,0.59,13,0.57,0
7,104,73,4,8,0.86,0.86,5,0.54,0
6,15,269,22,19,0.67,0.53,17,0.92,0
12,131,202,30,44,1.19,0.44,25,0.51,2
1,26,152,24,19,0.77,0.54,4,0.93,1
5,173,113,27,33,0.51,0.62,19,0.73,1
5,108,223,52,23,0.95,0.27,36,0.5,2
6,157,251,43,69,0.29,0.91,23,0.7,0
3,45,218,51,61,0.52,0.71,37,0.59,2
5,45,102,5,7,0.48,0.67,5,0.81,0
7,137,151,2,36,0.57,0.19,0,0.84,0
5,24,121,31,15,0.96,0.64,14,0.74,2
5,23,68,1,18,0.63,0.21,6,0.52,1
5,28,52,3,7,0.97,0.17,5,0.83,1
10,30,216,45,48,0.73,0.57,38,0.92,2
10,159,277,34,38,0.48,0.46,53,0.86,1
3,166,127,33,8,0.99,0.63,16,0.91,2
1,72,29,2,1,0.36,0.18,4,0.6,2
5,91,231,0,29,0.35,0.49,3,0.94,0
14,137,175,15,39,0.65,0.26,5,0.66,1
9,127,140,24,25,0.39,0.99,20,0.51,2
14,35,165,18,34,0.11,0.61,14,0.92,0
1,171,193,30,16,0.81,0.72,17,0.97,1
3,45,99,26,14,0.66,0.39,6,0.83,0
13,126,103,28,1,0.59,0.19,12,0.62,2
13,133,22,1,5,1.16,0.98,0,0.63,1
4,162,239,33,70,0.73,0.36,29,0.73,2
14,135,35,5,4,1.05,0.48,1,0.95,1
1,45,84,23,0,0.25,0.68,1,0.57,0
1,132,159,47,8,0.73,0.12,10,0.91,1
8,52,157,11,30,1.05,0.83,7,0.65,1
2,25,17,3,3,0.74,0.58,3,0.9,2
12,31,38,4,8,0.89,0.35,0,0.96,2
8,162,218,0,16,0.51,0.16,7,0.71,0
7,154,137,0,31,0.2,0.25,15,0.68,2
10,162,125,17,25,0.6,0.91,12,0.9,0
10,139,153,22,14,0.53,0.72,1,0.76,0
2,149,244,1,39,1.05,0.32,0,0.84,2
6,59,16,3,0,0.37,0.16,3,0.81,1
6,117,54,4,7,1.16,0.72,7,0.58,2
3,148,248,41,65,1.15,0.62,18,0.92,1
11,164,164,14,20,0.37,0.46,15,0.6,0
2,99,190,9,47,0.48,0.43,10,0.97,0
12,163,224,27,39,1.09,0.3,15,0.63,2
1,102,97,6,5,1.16,0.7,12,0.87,1
6,35,265,42,46,0.59,0.97,46,0.64,2
12,105,82,4,12,0.45,0.26,3,0.66,0
5,42,188,28,22,0.68,0.64,31,0.66,2
14,26,221,10,7,0.86,0.48,5,0.87,1
14,15,243,48,30,0.4,0.5,10,0.78,0
11,42,248,56,5,0.91,0.33,1,0.94,2
9,40,232,7,6,0.16,0.84,6,0.65,0
1,63,128,17,15,0.15,0.54,23,0.85,1
7,108,273,5,25,0.52,0.59,25,0.88,0
5,164,216,38,59,0.49,0.37,3,0.58,0
5,101,104,8,11,0.45,0.26,19,0.7,1
14,57,231,36,52,0.64,0.18,40,0.74,2
2,35,285,44,45,0.45,0.74,43,0.68,2
11,178,240,66,50,0.31,0.28,44,0.66,2
3,110,128,21,9,0.44,0.72,5,0.84,0
7,16,277,48,78,1.17,0.45,46,0.61,2
6,131,282,33,44,0.55,0.47,38,0.85,1
12,32,73,20,18,0.59,0.52,12,0.97,1
2,36,20,4,2,0.73,0.43,3,0.78,2
6,170,107,9,3,1.18,0.19,7,0.81,1
2,43,80,20,16,0.37,0.38,12,0.53,2
2,52,67,8,0,0.85,0.7,3,0.93,0
2,121,299,74,42,0.89,0.7,19,0.64,1
14,124,260,64,15,0.77,0.36,5,0.81,1
11,38,285,16,53,0.2,0.51,53,0.99,1
3,141,59,12,17,0.84,0.27,3,0.8,2
2,124,225,19,31,0.17,0.29,23,0.86,1
4,149,61,5,14,0.76,0.12,4,0.72,1
9,119,280,24,42,0.91,0.91,53,0.53,2
6,157,93,20,13,0.33,0.29,6,0.9,0
1,85,135,9,37,1.03,0.3,21,0.52,2
8,142,81,0,21,0.13,0.35,13,0.85,1
12,121,245,52,57,1.03,0.21,21,0.51,2
14,18,65,3,5,0.61,0.68,4,0.93,0
7,16,119,3,19,0.34,0.17,17,0.58,2
10,145,201,14,13,0.25,0.22,36,0.76,1
3,117,102,11,13,1.15,0.68,15,0.8,1
1,77,65,9,9,0.18,0.41,2,0.73,0
5,119,69,0,17,0.32,0.74,12,0.67,2
13,111,147,42,39,0.48,0.6,11,0.73,0
4,23,48,10,5,0.78,0.33,5,0.66,2
10,162,37,3,0,0.7,0.69,6,0.72,1
8,141,58,5,14,0.24,0.2,2,0.68,0
1,59,134,18,7,0.42,0.58,21,0.78,1
10,168,22,4,4,0.36,0.49,2,0.62,0
1,79,45,1,0,0.33,0.34,8,0.99,1
12,125,110,6,13,0.55,0.64,3,0.75,0
4,26,291,75,86,0.87,0.88,24,0.6,2
8,150,95,7,2,0.34,1.0,15,0.74,1
5,177,13,1,1,0.5,0.65,0,0.93,0
2,99,232,60,21,0.53,0.46,5,0.51,0
6,103,175,34,47,1.17,0.3,34,0.84,2
5,71,287,29,74,1.15,0.33,16,0.77,2
2,67,139,28,9,0.98,0.53,27,0.58,2
13,25,40,0,0,0.37,0.43,1,0.91,0
14,27,20,4,3,0.17,0.92,1,0.68,0
11,134,105,15,10,0.45,0.43,15,0.65,2
11,175,199,48,40,0.39,0.44,26,0.91,1
11,134,201,57,1,0.66,0.45,23,0.82,1
3,33,275,76,11,0.96,0.85,29,0.95,2
9,88,137,37,28,1.04,0.69,23,0.81,2
7,157,247,37,15,1.03,0.65,11,0.87,0
7,83,121,13,31,0.5,0.4,10,0.92,0
11,69,154,21,2,0.86,0.84,4,0.53,0
6,114,74,15,4,0.44,0.13,8,0.89,1
8,145,256,67,76,0.17,0.88,12,0.81,0
4,124,232,14,30,0.87,0.56,15,0.53,2
8,138,115,31,24,0.11,0.46,10,0.75,0
4,145,190,46,10,0.55,0.55,1,0.54,0
8,33,193,56,35,0.46,0.7,3,0.87,0
9,151,235,62,51,0.86,0.11,32,0.77,2
3,37,274,23,25,0.94,0.88,23,0.98,0
3,167,287,9,71,0.43,0.5,49,0.59,2
11,50,98,3,17,0.99,0.41,13,0.8,2
13,67,185,16,21,0.42,0.22,0,0.61,0
2,116,27,4,4,0.59,0.5,3,0.81,1
13,162,115,27,19,0.9,0.55,2,0.86,2
10,51,280,75,13,0.86,0.46,43,0.86,2
3,17,176,32,21,1.19,0.71,34,0.91,2
3,70,22,0,2,0.35,0.48,2,0.93,0
5,33,41,2,4,0.83,0.97,5,0.54,2
5,30,49,1,11,0.77,0.64,2,0.67,1
2,132,157,17,22,1.11,0.83,13,0.84,0
12,84,227,34,64,0.27,0.2,38,0.75,1
10,17,228,2,20,0.93,0.46,7,0.6,2
13,27,91,9,11,0.73,0.4,4,0.78,0
6,16,217,11,51,0.4,0.61,19,0.7,0
5,93,210,40,34,0.62,0.88,29,0.7,2
6,68,47,6,7,0.47,0.17,3,0.9,0
1,145,220,32,3,0.74,0.17,40,0.7,2
5,133,258,33,30,1.08,0.87,4,0.51,0
9,37,236,67,19,0.73,0.29,17,0.53,2
12,175,57,3,17,0.79,0.7,8,0.93,2
10,171,27,4,2,0.67,0.59,1,0.98,0
14,95,205,45,54,0.16,0.85,26,0.84,1
2,160,196,32,39,0.36,0.21,6,0.68,0
1,172,233,64,23,0.64,0.22,2,0.97,0
14,73,238,26,38,0.44,0.6,5,0.83,0
10,160,86,11,21,0.3,0.95,15,0.92,1
13,62,197,5,52,0.65,0.47,21,0.88,1
11,76,279,50,13,0.46,0.39,44,0.69,2
9,123,104,8,10,0.38,0.65,6,0.74,0
10,163,141,6,14,0.61,0.94,16,0.59,2
9,165,48,7,0,0.25,0.85,4,0.65,0
9,122,81,12,14,1.12,1.0,15,0.89,2
6,89,290,6,74,1.05,0.12,43,0.95,2
8,43,169,35,19,0.88,0.2,24,0.86,2
14,71,196,36,43,0.22,0.65,1,0.73,0
11,130,200,11,37,0.95,0.84,21,0.54,2
13,172,129,18,14,0.99,0.36,12,0.53,2
1,113,229,49,9,0.94,0.32,42,0.69,2
10,32,62,9,13,0.23,0.81,3,0.73,0
4,107,231,27,59,0.81,0.15,12,0.8,2
1,126,140,13,28,1.02,0.43,11,0.5,2
8,159,246,45,1,0.74,0.56,11,0.99,1
1,76,255,71,16,0.81,0.6,6,0.68,1
3,129,235,47,4,0.6,0.76,40,0.92,1
13,126,217,4,37,0.68,0.42,24,0.77,1
4,60,105,14,23,0.14,0.65,18,0.57,2
8,70,209,55,6,0.8,0.63,34,0.9,2
6,131,256,7,64,0.19,0.59,14,0.85,0
14,58,81,24,13,0.58,0.68,8,0.76,0
10,174,194,55,40,0.42,0.33,3,0.76,0
12,158,15,0,4,0.7,0.18,2,0.54,2
7,17,215,60,5,0.25,0.21,17,0.83,0
14,161,41,4,11,0.86,0.3,3,0.96,2
8,60,108,27,4,0.97,0.55,6,0.55,2
2,156,265,33,31,0.28,0.86,24,0.63,0
13,60,196,25,50,0.21,0.73,9,0.95,0
10,91,85,16,23,0.26,0.81,6,0.64,0
14,137,186,43,28,1.06,0.42,29,0.83,2
11,88,296,3,52,0.68,0.46,49,0.77,1
8,116,264,46,56,0.61,0.45,16,0.8,0
3,150,199,11,49,0.22,0.27,18,0.71,0
7,103,136,14,4,0.81,0.16,23,0.65,2
3,157,296,30,71,1.05,0.63,3,0.52,1
7,82,263,37,37,1.01,0.99,46,0.87,1
14,74,222,22,30,0.79,0.25,9,0.87,0
11,151,259,8,32,0.18,0.14,35,0.84,1
12,63,93,4,14,0.22,0.8,10,0.82,1
13,16,22,0,6,0.15,0.33,2,0.62,0
2,120,54,7,8,0.38,0.85,9,0.51,2
10,126,136,38,38,0.25,0.73,2,0.9,0
6,107,123,4,6,0.39,0.95,8,0.75,0
3,131,285,80,61,0.52,0.47,30,0.65,2
3,94,214,47,52,1.14,0.7,34,0.55,2
9,122,282,53,57,0.77,0.52,12,0.53,2
7,64,67,12,12,1.02,0.67,10,0.67,2
5,160,228,56,38,0.88,0.5,18,0.9,2
12,48,118,3,30,0.22,0.27,4,0.96,0
10,59,288,43,70,0.91,0.56,43,0.95,2
7,167,183,38,6,0.4,0.58,3,0.96,0
9,82,273,48,69,0.8,0.83,28,0.95,2
1,106,120,29,14,0.48,0.76,1,0.76,0
7,77,196,4,14,1.2,0.7,13,0.61,0
6,178,278,57,72,0.39,0.2,33,0.9,1
10,62,238,38,30,0.41,0.75,26,0.61,2
14,162,165,18,40,1.12,0.55,13,0.63,2
12,87,198,20,15,0.13,0.9,16,0.62,0
9,18,281,52,0,0.87,0.93,12,0.76,1
1,113,11,2,1,0.9,0.15,1,0.66,2
13,83,255,37,7,1.02,0.84,48,0.58,2
4,103,219,54,49,1.17,0.13,37,0.73,2
9,17,295,35,24,1.17,0.43,8,0.94,1
4,139,22,0,2,0.17,0.59,0,0.79,0
10,52,105,1,2,1.0,0.23,19,0.94,2
3,176,230,3,19,0.81,0.77,24,0.6,2
9,142,247,28,57,0.81,0.11,26,0.58,2
13,37,103,10,4,0.24,0.25,16,0.79,1
2,70,278,59,53,0.82,0.62,17,0.73,1
4,113,180,40,49,1.18,0.74,17,0.83,1
6,83,103,1,21,1.1,0.92,19,0.9,2
2,54,158,10,38,0.58,0.73,21,0.88,1
8,73,121,9,3,0.14,0.7,3,0.97,0
8,121,64,10,4,0.5,0.45,1,0.7,0
1,70,125,5,33,1.01,0.1,5,0.6,2
12,44,152,6,32,0.87,0.21,23,0.78,2
3,97,210,59,40,0.61,0.58,12,0.56,0
10,165,189,45,37,0.16,0.71,0,0.64,0
9,49,211,11,26,0.57,0.48,39,0.6,2
5,171,62,7,0,0.62,0.76,2,0.7,0
6,165,189,20,44,1.12,0.57,0,0.56,2
4,121,146,34,29,0.81,0.17,6,0.52,2
10,119,191,29,27,0.44,0.27,8,0.83,0
2,171,10,0,2,0.68,0.86,0,0.81,0
11,99,53,11,5,0.17,0.75,9,0.85,1
8,148,236,28,20,1.17,0.91,41,0.83,1
11,176,107,8,28,0.5,0.21,9,0.56,0
13,27,217,24,51,0.63,0.99,17,0.65,0
6,133,274,40,42,0.49,0.29,30,0.56,2
5,151,297,30,11,0.85,0.11,14,0.92,1
9,93,280,20,18,0.83,1.0,2,0.87,0
1,157,149,17,29,0.89,0.35,27,0.6,2
5,119,246,1,28,0.39,0.7,9,0.67,0
6,83,81,18,20,0.45,0.26,3,0.98,0
5,57,164,8,46,0.24,0.62,15,0.8,0
6,86,199,2,48,0.82,0.91,19,0.9,0
6,58,277,54,31,0.14,0.39,1,0.63,0
7,120,116,26,27,0.76,0.7,3,0.61,2
4,97,241,58,25,1.06,0.27,18,0.89,2
14,95,51,7,2,1.08,0.66,6,0.84,1
11,120,199,12,1,0.59,0.4,9,0.84,0
14,34,148,32,17,0.61,0.29,12,0.78,0
14,174,112,23,30,0.18,0.38,12,0.78,1
14,20,180,13,12,0.84,0.26,31,0.87,2
8,83,282,76,17,1.0,0.91,18,0.64,1
7,140,230,7,66,0.37,0.46,6,0.68,0
9,156,222,65,1,0.56,0.32,21,0.94,0
7,173,65,16,15,1.02,0.5,9,0.65,2
3,161,111,22,10,1.06,0.39,2,0.77,2
3,156,201,56,2,0.37,0.77,17,0.85,0
8,162,209,45,57,0.71,0.97,0,1.0,1
5,167,242,13,10,0.31,0.49,1,0.72,0
4,133,236,31,39,0.21,0.87,22,0.71,0
8,141,148,3,12,1.1,0.61,8,0.92,0
6,155,158,18,3,1.0,0.24,26,0.9,2
2,70,124,27,1,0.94,0.72,14,0.87,2
4,178,72,8,2,0.15,0.56,6,0.73,0
12,71,113,11,2,1.03,0.69,9,0.66,0
11,34,165,29,37,0.58,0.9,16,0.8,0
4,95,282,73,41,0.48,0.5,2,0.94,0
6,82,15,0,1,0.7,0.91,2,0.94,1
6,144,156,18,19,0.2,0.78,31,0.55,2
1,100,193,9,53,0.93,0.54,7,0.71,2
14,178,37,7,10,0.74,0.64,0,0.73,1
8,62,47,1,10,0.31,0.39,1,0.99,0
6,160,128,25,33,0.31,0.99,16,0.84,1
3,128,253,21,24,0.3,0.7,33,0.7,1
14,102,77,4,8,0.16,0.14,13,0.51,2
9,98,223,62,41,0.75,0.39,33,0.78,2
2,141,227,1,42,1.02,0.66,20,0.55,1
11,153,186,24,26,0.12,0.15,22,0.92,1
8,174,173,1,20,0.15,0.12,23,0.88,1
10,130,67,9,19,0.73,0.51,6,0.73,0
3,140,278,41,68,1.0,0.4,26,0.71,2
13,84,67,6,8,0.46,0.49,8,0.95,1
12,99,297,11,64,0.48,0.34,33,0.64,2
5,46,114,12,9,0.76,0.25,14,0.62,2
6,94,237,47,7,0.4,0.72,29,0.97,1
10,165,256,60,27,0.13,0.56,36,0.9,1
6,74,197,31,23,0.91,0.28,25,0.91,2
4,74,92,16,0,0.79,0.39,9,0.6,2
3,111,195,11,47,0.74,0.63,26,0.57,2
4,41,261,22,28,0.92,0.17,23,0.51,2
1,56,247,11,43,0.84,0.23,11,0.62,2
4,99,193,14,4,0.33,0.17,0,0.89,0
1,30,293,19,15,0.49,0.83,32,0.62,2
12,111,219,34,58,0.24,0.78,25,0.86,1
1,111,106,17,19,0.24,0.78,20,0.63,2
10,78,217,61,61,0.84,0.74,15,0.7,2
14,87,146,8,43,1.04,0.7,11,0.99,0
6,98,193,37,21,1.16,0.53,7,0.62,2
5,18,85,20,7,0.79,0.68,1,0.69,1
14,15,296,49,76,0.3,0.13,45,0.65,2
11,35,151,11,45,0.22,0.66,7,0.55,0
4,125,246,19,46,0.99,0.8,29,0.74,2
13,70,34,0,8,0.74,0.55,4,0.69,2
11,79,299,27,70,0.78,0.42,28,0.85,0
3,87,76,16,8,0.96,0.35,13,0.91,2
1,111,259,3,44,0.87,0.68,22,0.77,0
6,157,127,8,31,1.02,0.72,7,0.52,1
2,125,82,17,16,0.16,0.88,14,0.81,1
8,138,291,68,1,0.92,0.41,50,0.53,2
10,99,19,2,1,1.04,0.79,0,0.81,0
5,89,220,46,9,0.41,0.61,1,0.84,0
7,101,161,18,11,0.8,0.89,2,0.6,0
10,51,14,0,3,0.45,0.58,0,0.91,0
12,72,204,24,2,1.15,0.57,39,0.96,2
2,151,292,50,19,0.14,0.62,32,0.91,1
13,112,122,34,11,0.74,0.77,9,0.65,1
8,76,280,5,51,0.28,0.97,49,0.79,1
2,62,172,26,27,0.88,0.17,15,0.96,2
4,45,114,11,7,0.29,0.15,7,0.66,0
1,148,190,28,9,0.36,0.94,35,0.91,1
5,34,53,0,3,0.64,0.58,9,0.5,2
9,33,291,27,43,1.11,0.65,49,0.5,2
1,167,184,45,14,0.33,0.53,18,0.88,0
9,140,171,28,48,0.26,0.18,26,0.88,1
11,81,149,20,20,0.93,0.79,5,0.89,0
8,123,141,12,2,0.65,0.77,16,0.97,1
6,129,96,8,21,1.1,0.38,18,0.56,2
7,156,185,21,18,0.26,0.38,10,0.62,0
3,133,192,48,37,0.81,0.85,30,0.95,2
14,92,138,40,11,0.36,0.17,13,0.59,0
1,129,255,33,43,0.27,0.89,2,0.84,0
5,105,98,11,22,0.85,0.33,14,0.77,2
14,27,75,19,20,0.75,0.63,2,0.54,2
12,168,167,21,13,0.93,0.94,21,0.64,2
12,138,158,26,15,0.44,0.71,2,0.76,0
2,71,125,8,17,0.59,0.47,23,0.93,1
14,41,223,49,62,0.55,0.72,13,0.85,0
5,39,262,41,70,1.18,0.41,11,0.81,2
8,126,152,36,4,0.42,0.35,3,0.75,0
11,79,259,60,10,0.42,1.0,49,0.65,2
9,166,34,2,5,0.49,0.78,4,0.56,2
2,144,286,61,9,0.72,0.68,42,0.7,2
12,57,79,18,8,0.38,0.42,7,0.51,0
3,110,122,12,5,1.11,0.14,11,0.61,2
3,55,121,6,23,0.39,0.13,2,0.72,0
1,19,100,0,28,1.09,0.6,11,0.71,2
8,36,27,3,8,0.21,0.79,1,0.52,0
6,102,158,16,17,0.82,0.58,30,0.79,2
12,136,236,39,42,1.1,0.86,37,0.77,2
13,160,223,12,57,0.29,0.13,18,0.54,0
8,64,160,41,5,1.17,0.43,4,0.97,2
11,24,201,15,41,0.6,0.31,31,0.55,2
9,25,49,3,6,1.14,0.5,1,0.93,1
5,87,251,36,15,0.84,0.17,9,0.5,2
14,21,147,21,17,0.43,0.96,6,0.94,0
12,165,189,12,4,0.31,0.3,21,0.51,2
14,54,209,17,43,0.43,0.93,32,0.88,1
3,177,212,10,16,0.2,0.48,13,0.68,0
5,98,70,15,6,0.26,0.99,1,0.87,0
5,85,201,46,7,0.22,0.6,18,0.7,0
5,68,14,1,3,0.57,0.94,2,0.54,2
3,150,246,52,36,0.98,0.1,10,0.88,2
11,60,190,41,32,0.26,0.77,8,0.54,0
14,156,46,1,7,0.24,0.91,8,0.96,1
10,117,65,18,8,0.81,0.23,12,0.53,2
14,55,246,60,14,0.32,0.19,48,0.74,1
4,73,206,12,46,0.21,0.48,33,0.86,1
9,25,82,4,3,0.28,0.94,3,0.7,0
13,143,68,2,2,1.12,0.59,2,0.61,2
10,20,249,10,53,1.0,0.57,16,0.88,2
9,93,11,2,0,0.49,0.23,0,0.89,0
2,144,197,27,18,0.82,0.1,37,0.96,2
8,122,39,9,5,0.69,0.83,6,0.69,2
8,16,276,61,37,0.84,0.18,39,0.75,2
7,40,117,21,24,0.85,0.67,4,0.68,2
8,127,99,20,18,0.79,0.92,18,0.63,2
14,120,214,1,41,0.39,0.29,35,0.88,1
3,53,229,21,49,0.14,0.7,7,0.67,0
13,174,103,19,9,0.6,0.17,17,0.71,2
6,142,112,0,10,1.08,0.64,6,0.7,0
1,21,232,2,30,0.73,0.25,3,0.86,0
7,114,195,49,17,1.02,0.76,25,0.96,2
1,173,193,39,57,1.19,0.37,25,0.83,2
9,137,171,13,41,0.28,0.52,3,0.74,0
1,120,256,52,12,0.86,0.64,16,0.89,1
1,114,40,9,0,0.84,0.25,7,0.82,2
7,17,61,5,0,1.18,0.77,8,0.53,2
2,123,85,0,6,1.18,0.37,12,0.55,2
14,32,287,80,9,0.86,0.7,12,0.52,1
5,45,49,5,7,0.37,0.24,0,0.73,0
8,150,110,3,28,0.98,0.72,6,0.91,0
8,25,120,17,26,0.22,0.22,5,0.66,0
3,152,258,59,16,0.96,0.48,12,0.69,2
7,59,200,13,23,1.1,0.32,7,0.95,1
3,132,191,15,29,0.52,0.77,21,0.92,1
6,29,218,15,52,0.79,0.34,14,0.83,1
6,142,31,9,7,0.57,0.89,5,0.63,2
3,76,175,10,47,0.58,0.9,6,0.56,0
7,122,108,18,16,0.44,0.28,10,0.51,0
3,132,217,60,45,0.94,0.65,0,0.55,2
8,34,17,0,0,1.13,0.18,1,0.65,2
10,171,199,57,33,1.13,0.45,2,0.78,2
4,26,184,52,13,0.29,0.74,35,0.53,2
13,175,282,74,36,1.06,0.69,44,0.57,2
1,17,26,1,4,0.91,0.66,2,0.59,1
4,169,99,18,7,0.38,0.35,1,0.82,0
14,115,150,34,2,0.17,0.44,17,0.81,1
7,72,154,45,0,0.39,0.19,23,0.78,1
11,141,175,9,1,1.1,0.75,6,0.63,0
4,40,87,19,0,0.8,0.55,9,0.69,2
13,82,271,27,8,0.89,0.74,44,0.55,2
6,38,172,9,12,0.38,0.32,26,0.61,2
9,144,23,2,1,0.89,0.39,3,0.95,2
1,110,248,59,73,0.13,0.4,43,0.99,1
13,38,81,11,7,0.51,0.12,15,0.82,2
5,161,152,24,5,0.79,0.41,12,0.96,1
11,175,292,87,47,0.26,0.82,33,0.82,1
7,167,278,33,71,1.01,0.91,43,0.52,2
1,139,250,46,50,0.36,0.57,34,1.0,1
14,146,254,27,22,0.82,0.51,50,0.55,2
4,22,172,20,28,0.55,0.13,0,0.84,0
6,129,69,14,14,0.76,0.89,4,0.63,2
2,147,15,4,3,0.22,0.11,0,0.7,0
10,73,206,33,41,0.12,0.95,10,0.82,0
5,134,67,15,17,1.1,0.54,2,0.72,2
11,152,226,6,58,0.4,0.41,32,0.63,2
10,121,35,2,6,1.0,0.93,0,0.67,1
1,121,14,2,1,1.2,0.12,2,0.67,2
6,144,29,0,5,0.33,0.62,4,0.98,1
6,89,207,15,50,0.39,0.59,10,0.9,0
13,43,68,10,0,0.83,0.3,3,0.73,1
4,34,251,1,74,1.16,0.49,31,0.6,2
13,169,155,12,8,1.11,0.69,23,0.91,1
8,174,282,43,39,0.65,0.75,49,0.58,2
4,176,258,44,67,0.97,0.1,43,0.61,2
8,47,23,6,1,0.25,0.94,4,0.68,2
13,54,22,4,3,1.18,0.25,2,0.94,2
8,64,53,6,2,1.16,0.31,9,0.57,2
5,95,28,7,3,0.28,0.34,4,0.56,2
13,71,72,16,3,0.43,0.13,12,0.75,1
4,88,248,14,27,0.21,0.21,0,0.64,0
12,36,109,4,12,0.4,0.99,21,0.78,1
13,141,172,34,51,1.0,0.38,16,0.73,2
2,163,131,22,39,0.52,0.2,20,0.72,2
11,30,53,12,1,0.2,0.2,1,0.56,0
3,82,154,34,33,0.48,0.75,12,0.57,0
3,121,59,11,0,1.18,0.87,3,0.91,1
4,152,74,21,0,0.79,0.33,4,0.94,1
4,107,297,47,9,0.56,0.12,7,0.62,1
10,28,173,5,50,0.28,0.3,27,0.56,2
11,104,150,37,42,1.18,0.15,0,0.53,2
11,176,137,10,7,1.0,0.19,8,0.8,1
5,46,248,57,12,0.41,0.49,8,0.86,0
4,138,196,56,14,0.18,0.31,23,0.69,2
11,29,217,45,33,0.16,0.56,11,0.84,0
14,175,229,40,39,0.23,0.33,11,0.86,0
10,79,199,27,13,0.74,0.95,19,0.97,0
8,169,293,32,66,1.12,0.92,38,0.53,2
6,60,246,26,22,0.65,0.61,5,0.6,0
6,161,203,38,56,1.03,0.42,7,0.53,2
8,137,296,66,58,0.59,0.44,14,0.93,0
7,14,268,54,35,0.88,0.47,52,0.9,2
10,100,255,15,60,0.91,0.75,20,0.79,0
14,141,145,21,35,0.29,0.51,17,0.54,2
11,80,289,68,25,0.5,0.87,13,0.64,0
12,17,280,39,28,0.8,0.95,27,0.65,0
10,166,180,28,50,0.18,0.4,2,0.78,0
13,60,168,38,8,0.5,0.6,1,0.63,0
8,51,210,41,2,0.69,0.19,19,0.54,1
14,156,54,6,7,1.2,0.28,4,0.87,1
2,34,273,73,65,0.62,0.47,7,0.65,0
9,70,80,3,18,1.0,0.29,11,0.73,2
1,130,112,33,30,0.58,0.89,22,0.56,2
8,59,134,4,21,0.98,0.24,10,0.9,2
12,155,295,1,8,0.75,0.51,36,0.78,1
11,158,239,63,42,1.08,0.65,46,0.95,2
12,52,155,11,36,0.55,0.72,25,0.75,1
12,150,206,45,5,0.76,0.44,19,0.97,1
4,112,230,55,11,0.79,0.88,33,0.95,2
4,90,69,17,0,0.56,0.61,1,0.79,0
5,128,107,31,19,0.26,0.5,10,0.97,0
8,147,180,15,47,0.2,0.16,10,0.66,0
5,164,182,38,36,0.12,0.52,5,0.68,0
8,104,160,5,47,1.06,0.84,13,0.52,1
10,111,131,15,2,0.36,0.65,3,0.79,0
1,133,117,29,31,0.33,0.85,16,0.86,1
12,59,13,1,3,0.91,0.54,1,0.89,2
10,51,102,18,9,0.45,0.21,10,0.57,0
9,155,15,2,4,0.66,0.11,0,0.72,0
6,113,297,57,25,0.28,0.37,8,0.59,0
3,85,115,33,30,1.16,0.73,13,0.83,2
13,48,155,2,40,1.04,0.81,30,0.58,2
14,160,280,48,63,1.05,0.37,5,0.95,2
8,43,105,27,17,0.55,0.55,6,0.62,0
9,91,238,34,8,0.94,0.48,41,0.65,2
6,97,211,4,33,0.26,0.47,3,0.93,0
11,126,221,37,23,0.11,0.31,38,0.73,1
7,38,15,1,3,0.12,0.22,1,0.51,0
1,101,121,5,27,0.75,0.28,9,0.75,1
14,27,115,29,31,0.6,0.15,7,0.54,1
5,167,148,23,0,0.67,0.28,8,0.99,0
5,115,105,29,25,0.11,0.11,6,0.79,0
10,163,223,53,62,0.56,0.66,39,0.63,2
14,96,31,6,7,0.89,0.38,4,0.78,2
4,123,202,0,7,0.59,0.98,27,0.54,2
6,144,159,20,3,0.91,0.27,25,0.9,2
7,32,256,15,1,0.36,0.41,13,0.96,0
9,41,276,75,52,0.99,0.42,34,0.94,2
1,84,260,13,49,0.75,0.11,23,0.67,2
6,76,12,1,3,0.33,0.86,1,0.66,0
7,86,85,13,10,0.36,0.13,5,0.52,0
3,137,96,7,9,0.79,0.95,12,0.83,1
8,132,279,17,52,1.01,0.9,49,0.77,2
5,134,234,42,57,0.56,0.58,18,0.73,0
9,32,27,0,7,0.38,0.59,0,0.95,0
5,155,122,2,29,1.05,0.69,12,0.58,1
9,133,260,29,33,0.84,0.45,17,0.5,2
10,179,242,52,46,0.59,0.68,32,0.54,2
4,74,288,47,73,0.64,0.14,54,0.61,2
9,177,211,26,31,0.32,0.15,20,0.52,0
5,43,92,15,5,0.79,0.51,8,0.75,1
10,22,134,14,6,0.49,0.59,17,0.66,2
9,77,184,51,0,1.2,0.9,3,0.59,1
3,174,78,1,16,0.63,0.19,3,0.88,0
4,133,56,11,1,0.63,0.84,10,0.6,2
9,65,265,70,19,0.72,0.29,35,0.84,2
10,102,224,54,20,1.11,0.45,0,0.67,2
11,155,39,2,6,0.98,0.38,1,0.76,2
6,66,290,25,34,0.6,0.46,39,0.97,1
2,91,246,52,49,0.89,0.24,37,0.52,2
7,54,257,6,4,0.74,0.55,43,0.75,1
2,81,34,8,1,0.64,0.82,1,0.93,0
11,21,83,17,12,0.31,0.5,15,0.79,1
2,15,215,47,21,0.61,0.54,23,0.64,2
11,118,103,3,9,0.37,0.86,14,0.7,2
1,138,136,29,2,1.11,0.74,16,0.84,2
11,123,34,6,9,0.47,0.54,0,0.95,0
11,99,125,31,25,1.15,0.33,24,0.52,2
12,133,57,0,2,0.69,0.9,1,0.54,0
11,140,235,1,4,0.79,0.62,11,0.66,0
3,29,275,30,80,0.7,0.3,44,0.62,2
6,75,108,4,22,0.24,0.34,13,0.63,2
8,126,20,3,2,0.51,0.82,3,0.61,2
9,171,94,25,19,0.21,0.14,9,0.6,0
7,25,223,26,50,0.79,0.99,16,0.57,1
4,48,182,46,42,0.59,0.22,33,0.97,2
6,24,218,0,31,0.96,0.82,1,0.57,0
5,77,73,3,9,0.34,0.46,12,0.6,2
8,63,267,2,0,0.28,0.54,12,0.62,0
1,162,130,12,36,0.55,0.89,22,0.97,1
1,82,63,17,11,1.12,0.47,1,0.88,2
13,61,281,8,17,0.88,0.58,32,0.89,2
11,33,250,45,68,0.56,0.14,44,0.55,2
6,114,252,34,69,0.67,0.1,23,0.92,0
10,174,27,7,8,0.19,0.32,4,0.7,1
12,150,196,7,51,1.18,0.71,31,0.63,2
2,81,153,9,45,0.83,0.21,22,0.79,2
5,48,271,2,19,0.41,0.2,50,0.91,1
1,78,248,32,62,0.74,0.47,22,0.89,0
7,21,85,7,20,0.22,0.68,2,0.94,0
1,58,197,51,13,1.16,0.74,1,0.96,1
4,100,255,46,7,0.29,0.26,12,0.62,0
9,89,139,25,40,0.81,0.17,3,0.71,2
1,89,292,46,25,0.37,0.95,32,0.51,2
4,60,88,2,22,0.89,0.33,3,0.94,2
6,28,81,10,0,0.95,0.87,0,0.58,0
6,118,272,81,1,0.84,0.88,1,0.93,1
12,160,200,50,27,0.78,0.8,33,0.66,2
13,39,72,19,5,1.08,0.25,8,0.68,2
8,65,21,5,4,0.19,0.84,1,0.52,0
1,106,150,4,25,0.46,0.79,26,0.66,2
7,163,263,17,6,0.37,0.64,3,0.94,0
1,34,52,0,2,1.19,0.4,10,0.51,2
13,64,26,2,3,0.53,0.34,3,0.7,2
14,51,72,2,4,0.91,0.21,2,0.52,2
7,33,262,37,62,0.85,0.56,35,0.69,2
3,170,17,3,2,0.33,0.63,2,0.59,2
11,145,99,25,2,0.36,0.42,8,0.63,0
8,68,217,48,31,0.41,0.53,37,0.94,1
3,105,293,82,7,0.55,0.43,8,0.72,0
14,41,127,2,4,0.36,0.68,7,0.64,0
14,17,184,0,13,0.12,0.91,3,0.79,0
13,163,85,16,21,1.07,0.25,3,0.57,2
1,89,110,9,30,1.16,0.44,5,0.63,2
13,80,160,12,39,0.48,0.23,29,0.77,1
13,99,279,27,27,0.47,0.66,4,0.62,0
14,175,80,6,6,0.11,0.76,6,0.84,0
8,104,189,28,31,0.85,0.94,20,0.75,2
3,118,133,17,28,1.01,0.35,23,0.89,2
2,14,294,45,87,0.26,0.96,58,0.97,1
1,85,204,41,8,0.28,0.16,30,0.56,2
14,100,237,27,3,0.97,0.64,46,0.67,2
3,179,284,21,59,0.78,0.15,44,0.66,2
2,19,115,5,28,0.15,0.9,22,0.58,2
2,166,30,3,7,0.78,0.58,4,0.91,2
6,158,73,16,14,0.44,0.7,1,0.88,0
12,74,174,39,49,0.51,0.85,13,0.74,0
1,25,36,7,5,0.95,0.24,4,0.77,2
2,19,294,20,80,0.99,0.13,20,0.53,2
14,40,157,27,45,0.54,0.89,8,0.78,0
6,149,290,49,73,1.14,0.38,33,0.9,2
3,137,173,25,16,0.55,0.22,32,0.79,2
4,119,233,38,13,0.95,0.52,1,0.63,2
1,106,281,41,46,0.63,0.64,43,0.83,1
8,122,155,26,21,1.09,0.13,22,0.68,2
13,112,39,8,10,1.1,0.35,7,0.77,2
7,155,54,1,1,0.2,0.13,10,0.74,1
7,48,284,63,21,1.13,0.48,43,0.69,2
3,97,43,1,9,1.01,0.91,4,0.86,0
10,69,150,2,4,0.97,0.98,6,0.94,0
10,154,230,67,22,0.32,0.67,25,0.5,2
3,62,31,8,3,0.99,0.25,4,0.97,2
14,59,189,3,35,1.04,0.92,33,0.76,2
2,126,240,31,11,0.42,0.56,37,0.85,1
12,149,47,2,12,1.15,0.24,1,0.93,2
1,56,79,11,10,0.15,0.93,9,0.73,1
7,161,125,31,34,0.26,0.78,8,0.92,0
7,137,248,70,34,0.69,0.76,0,0.59,0
12,110,157,29,12,0.73,0.74,6,0.58,1
2,103,18,1,0,0.81,0.28,0,0.83,1
7,52,297,53,0,0.12,0.29,50,0.94,1
13,98,59,5,9,1.16,0.72,3,0.95,0
8,75,14,3,0,0.15,0.3,0,0.82,0
1,119,135,35,15,0.26,0.49,25,0.76,1
9,120,84,14,14,0.12,0.8,6,0.67,0
7,67,174,16,14,0.72,0.81,0,0.99,0
3,139,287,25,15,1.13,0.51,16,0.66,2
8,22,299,2,69,0.83,0.81,7,0.87,0
7,101,86,21,24,1.0,0.85,1,0.77,1
11,50,146,19,4,0.11,0.69,2,0.8,0
13,62,115,11,5,0.7,0.31,13,0.7,2
8,54,104,14,29,0.61,0.35,3,0.98,0
6,30,144,35,1,0.65,0.38,10,0.79,0
9,101,77,2,22,0.18,0.21,13,0.97,1
5,34,156,40,0,0.85,0.35,13,0.5,2
3,64,168,45,44,0.65,0.29,30,0.79,2
3,72,172,48,15,0.94,0.51,17,0.86,2
1,54,198,23,55,0.63,0.92,15,0.87,0
12,52,104,6,9,0.26,0.19,15,0.95,1
8,154,190,21,37,0.81,0.75,2,0.5,1
2,24,297,29,7,0.29,0.72,5,0.5,0
3,160,196,10,14,1.06,0.19,25,0.74,2
8,152,147,26,34,0.77,0.93,14,0.51,2
14,90,139,19,22,0.27,0.61,21,0.99,1
8,140,203,52,56,1.16,0.43,37,0.61,2
14,59,282,2,36,0.67,0.78,21,0.74,0
11,58,153,29,39,0.18,0.33,18,0.53,2
4,14,25,5,3,0.79,0.72,2,0.76,1
4,121,254,57,74,0.38,0.14,49,0.69,2
5,32,116,30,33,0.98,0.86,19,0.52,2
6,89,97,21,9,1.0,0.5,17,0.67,2
5,85,138,38,36,1.18,0.67,7,0.7,2
14,122,13,1,3,0.65,0.3,2,0.99,2
7,25,104,15,6,0.6,0.71,5,0.6,0
2,174,218,0,40,0.93,0.8,9,0.77,0
7,58,234,0,5,0.25,0.53,44,0.99,1
10,103,56,4,14,0.7,0.66,0,0.9,0
7,116,190,5,9,0.7,0.51,36,1.0,1
1,21,115,8,2,0.2,0.9,3,0.98,0
7,166,208,11,24,0.56,0.55,34,0.74,1
5,104,115,0,19,1.04,0.86,6,0.85,0
3,100,289,78,74,1.04,0.82,20,0.56,2
13,171,269,0,78,0.21,0.47,11,0.72,0
3,97,117,25,15,0.2,0.31,13,0.9,1
4,95,28,1,0,0.39,0.47,1,0.75,0
13,159,180,49,40,1.06,0.84,23,0.85,2
12,81,204,54,34,0.24,0.3,0,0.87,0
2,174,21,4,2,0.89,0.57,0,0.63,2
2,140,204,41,18,0.21,0.83,4,0.94,0
1,177,292,0,44,0.79,0.42,24,0.73,0
5,95,191,56,19,0.49,0.68,31,0.61,2
4,160,153,40,34,0.97,0.32,27,0.93,2
11,169,191,51,31,0.36,0.2,9,0.71,0
10,97,39,7,10,0.8,0.81,4,0.88,2
2,126,93,9,15,0.36,0.19,14,0.77,1
3,89,175,46,12,0.89,0.34,10,0.69,2
7,135,293,25,74,1.06,0.87,23,0.9,0
7,156,290,48,48,0.24,0.41,30,0.79,1
12,54,105,3,6,1.05,0.98,2,0.7,0
4,15,275,76,51,0.75,0.98,1,0.55,2
5,42,234,9,25,0.24,0.34,7,0.95,0
5,118,51,3,12,0.57,0.14,6,0.52,2
6,64,255,42,34,0.28,0.73,3,0.93,0
14,88,217,49,47,0.87,0.51,8,0.68,2
9,23,246,45,7,0.93,0.19,16,0.82,2
2,155,31,2,3,0.22,0.74,0,0.96,0
5,64,194,0,57,0.66,0.13,7,0.58,1
12,131,251,57,60,1.0,0.88,45,0.78,2
3,134,292,86,14,1.13,0.22,1,0.88,2
4,52,50,12,4,0.66,0.21,6,0.88,2
10,41,171,23,16,1.15,0.26,13,0.76,1
6,16,169,45,32,0.69,0.96,22,0.81,1
12,97,98,12,22,0.53,0.72,11,0.88,1
8,168,21,3,4,1.03,0.82,0,0.92,0
1,130,82,11,12,0.64,0.46,13,0.88,1
10,15,85,11,20,0.62,0.4,8,0.68,0
14,106,210,48,27,0.64,0.31,34,1.0,2
8,179,19,3,0,1.03,0.53,1,0.72,2
11,144,235,22,39,1.02,0.6,46,0.51,2
14,157,185,14,52,0.54,0.67,28,0.68,2
7,107,285,3,67,0.47,0.33,55,0.56,2
1,53,48,8,8,0.64,0.95,4,0.56,0
2,15,69,4,13,0.73,0.25,6,0.64,2
3,94,75,3,20,0.36,0.97,11,0.53,2
1,25,133,26,17,0.97,0.11,23,0.84,2
14,176,173,35,17,0.64,0.53,33,0.54,2
9,78,168,37,49,0.47,0.4,10,0.6,0
8,68,66,9,17,0.22,0.5,10,0.55,2
2,58,87,23,8,0.36,0.61,3,0.53,0
13,114,203,57,28,1.14,0.49,22,0.63,2
9,75,294,71,36,0.44,0.47,10,0.79,0
7,62,24,4,1,0.29,0.76,1,0.98,0
9,140,21,1,6,0.61,0.72,3,0.94,1
6,166,110,32,13,0.44,0.85,3,0.94,0
6,36,165,13,43,0.14,0.32,20,0.59,2
11,165,134,8,7,0.46,0.65,15,0.63,2
14,51,289,38,47,0.7,0.63,6,0.54,0
4,41,119,2,0,0.71,0.43,7,0.89,0
10,34,155,45,35,0.49,0.54,17,0.53,2
10,120,225,39,39,0.59,0.38,8,0.78,0
13,159,171,28,32,1.16,0.23,27,0.62,2
13,177,137,26,2,0.52,0.29,26,0.62,2
2,112,159,23,10,0.38,0.19,6,1.0,0
7,132,45,0,1,0.37,0.71,1,0.88,0
5,86,182,33,15,0.6,0.69,16,0.92,0
11,135,31,6,5,0.94,0.96,4,0.79,2
6,43,215,26,36,0.33,0.76,12,0.94,0
2,121,136,30,24,0.88,0.15,0,0.82,2
5,111,226,15,37,0.12,0.9,24,0.97,1
10,45,105,6,8,0.56,0.88,20,0.64,2
4,169,173,8,12,0.95,0.5,13,0.8,1
9,92,157,17,6,0.47,0.63,13,0.85,0
6,54,27,6,6,0.72,0.98,5,0.7,2
2,76,204,50,37,0.33,0.58,28,0.94,1
1,36,160,18,8,0.92,0.91,23,0.99,1
5,117,132,23,7,0.16,0.17,14,0.75,1
9,88,196,42,51,1.04,0.27,38,0.7,2
6,61,158,11,35,0.32,0.5,21,0.74,1
10,173,113,5,22,1.06,0.63,20,0.93,2
12,70,252,73,30,0.49,0.83,35,0.82,1
7,131,240,44,18,0.89,0.99,35,0.52,2
5,113,215,63,63,0.45,0.45,12,0.77,0
10,137,207,20,49,1.1,0.14,12,0.51,2
6,174,96,20,8,0.24,0.82,15,0.89,1
5,165,151,10,38,0.3,0.64,8,0.66,0
11,47,208,16,47,0.64,0.28,23,0.74,2
9,169,55,8,4,0.19,0.55,2,0.9,0
6,178,297,28,38,0.32,0.77,48,0.52,2
11,20,24,1,1,1.14,0.79,0,0.58,0
8,178,53,4,1,1.17,0.55,8,0.7,2
2,69,178,1,38,0.51,0.37,21,0.61,2
12,78,53,11,4,1.12,0.98,1,0.67,1
13,60,107,15,26,0.7,0.7,11,1.0,1
9,161,270,7,80,0.4,0.47,15,0.91,0
5,32,118,6,2,0.87,0.35,7,0.94,1
7,170,292,8,41,0.82,0.76,20,0.97,0
10,159,113,20,27,1.19,0.32,1,0.67,2
13,176,265,7,62,0.39,0.25,52,0.65,2
1,139,215,48,49,0.84,0.58,1,0.62,2
10,152,52,0,5,0.16,0.36,6,0.92,1
5,62,254,19,34,0.23,0.67,18,0.84,0
12,126,296,79,52,0.1,0.21,38,0.62,2
14,51,282,60,82,1.2,0.69,20,0.69,2
10,77,92,2,9,0.98,0.35,12,0.75,2
14,82,119,29,32,0.97,0.1,17,0.76,2
2,149,199,29,16,0.66,0.21,27,0.94,2
12,175,297,75,88,0.43,0.94,6,0.69,0
6,129,260,46,52,0.27,0.88,34,0.95,1
11,78,221,45,30,0.41,0.31,12,0.72,0
1,44,142,42,26,0.51,0.8,0,0.87,0
3,145,210,14,17,0.93,0.65,17,0.97,0
5,126,294,55,24,0.69,0.97,25,0.95,0
4,122,104,14,3,0.19,0.44,9,0.53,0
3,82,287,3,9,0.12,0.71,40,0.6,2
10,171,228,0,23,0.21,0.16,14,0.74,0
13,133,98,3,22,0.55,0.46,6,0.72,0
5,101,81,15,14,1.13,0.97,0,0.82,1
11,80,256,43,7,0.8,0.59,35,0.97,2
8,88,138,22,35,0.98,0.36,15,0.56,2
11,58,221,2,39,0.61,0.21,15,0.73,0
4,17,105,14,30,0.5,0.73,14,0.6,2
1,167,84,23,16,0.22,0.68,9,0.95,1
11,168,63,7,3,1.06,0.44,5,0.98,1
7,120,63,11,8,0.96,0.96,6,0.74,1
8,64,227,53,44,0.28,0.12,28,0.55,2
3,63,25,5,0,0.66,0.37,3,0.89,2
6,19,108,16,0,0.64,0.93,6,0.85,0
2,72,29,7,1,0.79,0.39,0,0.68,2
7,138,55,6,4,1.14,0.33,1,0.94,1
8,156,202,53,26,0.74,0.58,25,0.99,2
6,43,67,4,9,0.69,0.84,11,0.78,1
6,135,120,10,4,0.16,0.19,9,0.78,0
5,138,138,2,27,0.17,0.95,4,0.65,0
8,50,203,48,36,0.31,0.82,30,0.79,1
1,137,17,2,1,0.14,0.26,2,0.72,1
10,114,38,2,0,0.92,0.74,6,0.65,2
4,48,121,8,2,0.9,0.45,14,0.53,2
4,100,170,45,19,0.25,0.46,29,0.63,2
3,147,140,35,6,1.02,0.8,0,0.6,1
3,31,197,32,22,0.27,0.97,4,0.77,0
4,126,172,31,32,0.43,0.21,3,0.8,0
11,42,206,29,33,0.37,0.48,29,0.8,1
1,90,213,25,14,0.51,0.53,2,0.69,0
14,72,221,60,22,0.38,0.44,21,0.71,0
11,139,118,4,21,0.64,0.43,11,0.92,0
13,158,285,35,73,0.55,0.15,17,0.74,0
11,122,82,8,18,1.19,0.72,14,0.99,2
2,35,176,26,29,0.16,0.49,5,0.72,0
9,81,269,36,29,0.26,0.28,18,0.82,0
10,82,252,39,27,0.16,0.83,39,0.53,2
2,178,284,11,74,0.79,0.82,1,0.83,0
5,62,111,17,1,0.16,0.54,14,0.93,1
9,154,182,13,53,1.02,0.37,29,0.97,2
9,175,180,9,35,0.66,0.67,33,1.0,1
8,122,150,2,30,0.68,0.36,26,0.64,2
1,99,197,45,2,0.72,0.31,12,0.79,1
1,66,95,12,17,0.29,0.76,11,0.73,1
9,136,61,11,8,0.32,0.14,0,0.78,0
13,100,120,26,3,0.45,0.19,6,0.58,0
11,144,52,10,4,0.75,0.11,0,0.93,1
8,55,220,31,58,0.33,0.24,13,0.95,0
10,111,209,24,34,0.23,0.16,36,0.72,1
9,173,249,28,30,1.17,1.0,17,0.64,0
7,122,124,23,2,0.12,0.36,13,0.57,2
3,64,35,5,7,0.98,0.23,3,0.84,2
3,98,86,21,18,0.97,0.32,7,0.66,2
2,140,146,38,26,0.43,0.94,28,0.95,1
5,34,29,1,4,0.25,0.57,1,0.84,0
12,57,220,8,28,0.26,0.43,27,0.82,1
12,152,249,47,44,0.87,0.89,20,0.78,1
3,116,48,4,3,0.81,0.46,0,0.52,2
14,81,277,1,78,0.96,0.4,27,0.97,2
6,142,216,57,38,1.13,0.29,35,0.81,2
2,105,276,18,25,0.86,0.44,5,1.0,1
12,37,163,45,21,0.27,0.39,2,0.77,0
3,138,51,10,12,0.37,0.71,1,0.86,0
5,154,20,4,0,1.03,0.36,3,0.53,2
12,124,107,6,9,0.33,0.62,15,0.82,1
11,111,284,19,57,0.18,0.16,32,0.88,1
11,152,239,37,22,0.87,0.27,22,0.89,2
1,30,229,11,54,0.54,0.47,40,0.89,1
13,112,74,6,2,1.11,0.94,11,0.61,2
1,95,241,23,55,0.82,0.44,39,0.99,2
10,117,61,2,1,0.2,0.7,9,1.0,1
9,165,272,16,1,1.14,0.33,34,0.54,2
7,32,276,65,74,0.38,0.21,25,0.97,0
1,178,163,8,28,0.47,0.15,28,0.64,2
12,98,149,1,15,0.54,0.37,27,0.84,2
14,21,60,11,4,0.16,0.24,0,0.67,0
8,41,126,36,23,0.65,0.26,1,0.98,0
3,18,55,5,8,0.24,0.78,10,0.55,2
8,158,97,3,28,0.54,0.11,5,0.75,0
5,114,217,37,64,0.49,0.6,37,0.71,1
1,177,278,75,52,0.95,0.44,21,0.66,2
7,131,98,23,13,0.98,0.56,2,0.82,2
5,160,127,23,18,0.27,0.61,2,0.57,0
6,77,63,5,12,0.5,0.38,1,0.86,0
6,104,125,20,3,0.51,0.37,6,0.99,0
8,130,127,3,12,0.27,0.76,12,0.9,0
9,111,269,54,6,0.98,0.88,37,0.93,2
2,24,84,18,1,0.88,0.27,16,0.68,2
9,67,16,4,0,0.31,0.19,1,0.66,0
12,60,131,10,19,0.5,0.91,13,0.76,0
11,153,20,0,4,0.22,0.41,2,0.52,0
10,162,224,36,32,0.79,0.6,24,0.97,2
9,152,288,61,28,0.23,0.42,29,0.57,2
13,18,37,8,0,1.18,0.21,0,0.95,2
10,33,244,14,40,0.96,0.63,0,0.54,1
10,59,35,2,2,0.53,0.57,0,0.91,0
7,25,63,9,11,0.74,0.28,1,0.58,2
1,83,38,3,11,1.1,0.51,5,0.52,2
7,30,173,44,5,0.71,0.82,7,0.86,1
10,128,279,39,17,0.29,0.63,49,0.64,2
5,160,44,10,6,0.52,0.19,8,0.86,2
6,167,295,51,85,1.03,0.59,57,0.78,2
10,61,282,65,65,0.81,0.73,52,0.55,2
7,121,217,21,58,0.82,0.81,11,0.97,0
14,65,247,61,24,1.05,0.67,25,0.73,2
5,109,102,8,30,1.08,0.24,3,0.87,2
7,83,182,29,5,1.11,0.74,29,0.75,2
9,115,88,5,1,0.2,0.71,15,0.8,1
3,88,119,16,30,0.7,0.12,20,0.65,2
8,174,226,21,62,0.91,0.47,19,0.6,2
2,164,115,9,3,0.93,0.4,17,0.77,2
11,156,56,16,1,0.77,0.7,1,0.72,1
7,168,190,9,1,0.28,0.29,1,0.7,0
13,95,73,17,2,0.98,0.63,10,0.84,2
2,105,255,75,16,0.89,0.92,21,0.85,1
14,17,253,1,73,0.19,0.82,50,0.52,2
4,148,96,20,19,0.61,0.93,1,0.67,0
7,122,226,17,52,0.29,0.98,38,0.71,1
3,176,16,0,3,0.47,0.11,1,0.55,0
2,61,287,34,46,0.12,0.66,47,0.62,2
11,86,219,61,52,0.54,0.47,35,0.53,2
10,85,178,0,31,0.7,0.87,32,1.0,2
7,129,147,25,13,0.78,0.33,8,0.87,1
1,94,239,35,40,0.83,0.98,45,0.54,2
14,94,170,44,27,1.02,0.65,5,0.51,2
8,126,10,0,2,0.34,0.81,0,0.86,0
3,109,245,50,72,0.23,0.18,21,0.72,0
12,85,197,40,24,1.04,0.27,32,0.89,2
12,160,13,2,2,0.27,0.78,1,0.96,0
13,76,141,39,4,1.17,0.12,23,0.8,2
2,51,227,56,52,1.03,0.84,33,0.59,2
3,80,269,3,29,0.65,0.11,11,0.89,0
5,82,10,1,0,1.18,0.69,1,0.98,0
11,26,80,9,8,0.21,0.43,0,0.79,0
8,44,187,17,34,0.43,0.65,33,0.84,1
10,127,198,26,7,0.8,0.73,12,0.67,0
7,35,17,1,4,0.49,0.41,1,0.69,0
7,106,262,33,6,1.12,0.2,22,0.87,1
12,80,253,74,70,0.17,0.16,8,0.96,0
7,67,132,3,28,0.7,0.63,9,0.81,0
8,151,292,80,28,0.75,0.57,11,0.89,1
1,55,41,5,4,0.82,0.77,1,0.59,0
4,77,155,29,34,0.38,0.56,5,0.61,0
13,139,165,41,29,0.5,0.48,16,0.77,0
6,34,25,2,5,1.03,0.46,3,0.59,2
9,165,56,7,6,0.31,0.12,6,0.82,1
13,48,260,31,38,1.01,0.4,46,0.65,2
2,43,196,22,58,0.72,0.98,24,0.9,2
1,70,40,11,2,0.94,0.89,5,0.9,2
13,60,269,66,33,0.88,0.4,35,0.73,2
10,176,26,0,2,0.33,0.63,2,0.59,0
12,32,48,1,11,0.73,0.86,6,0.82,2
14,127,48,6,11,1.05,0.5,0,1.0,2
2,21,141,4,12,0.58,0.12,24,0.81,2
7,39,39,7,0,1.16,0.17,6,0.52,2
3,126,167,7,0,0.6,0.56,8,0.51,0
10,84,287,44,36,0.26,0.97,44,0.66,2
2,43,212,0,26,0.53,0.72,0,0.6,0
14,148,75,7,22,1.15,0.16,3,0.91,2
11,80,117,23,16,0.45,0.27,1,0.92,0
7,78,277,40,21,1.05,0.79,43,0.63,2
13,49,231,67,61,1.07,0.86,34,0.66,2
13,38,27,7,3,0.49,0.66,4,0.62,2
2,50,99,10,17,0.19,0.68,0,0.95,0
3,14,190,2,5,0.9,0.13,19,0.75,1
11,156,264,66,30,0.44,0.85,37,0.83,1
7,50,262,71,74,0.96,0.81,8,0.71,1
14,154,266,65,47,0.59,0.33,34,0.82,2
4,149,96,3,9,0.63,0.74,1,0.69,0
13,146,99,29,18,0.96,0.29,3,0.67,2
14,141,246,19,67,0.52,0.14,23,0.82,0
1,140,79,17,6,0.59,0.28,10,0.8,2
13,14,53,14,8,0.51,0.26,1,0.65,1
14,177,209,14,60,0.5,0.4,7,0.57,0
5,48,161,43,8,0.68,0.48,6,0.68,0
12,117,95,8,20,0.99,0.56,4,0.71,2
9,36,28,8,5,0.5,0.53,1,0.81,0
8,22,110,9,22,0.68,0.34,8,0.96,0
12,47,104,29,10,0.84,0.13,13,0.52,2
9,141,263,4,24,0.4,0.64,23,0.62,0
10,17,39,8,8,0.41,0.46,6,0.6,2
14,171,258,41,16,1.13,0.37,37,0.75,2
9,115,42,6,5,0.9,0.88,1,0.71,0
7,88,238,15,13,0.73,0.77,2,0.86,0
4,112,21,4,0,0.81,0.87,3,0.62,2
5,85,127,7,36,0.13,0.55,2,0.8,0
1,16,164,27,21,0.78,0.22,4,0.94,1
14,155,255,19,74,0.66,0.73,1,0.96,0
1,47,256,73,10,0.7,0.29,32,0.98,2
3,58,38,0,6,0.5,0.5,4,0.89,1
13,74,170,10,10,0.19,0.16,33,0.95,1
14,96,244,17,57,0.31,0.84,43,0.62,2
8,136,199,24,46,1.15,0.21,16,0.6,2
14,115,126,8,4,0.55,0.91,9,0.5,0
2,29,280,41,76,0.61,0.88,16,0.85,0
4,79,267,69,15,0.16,0.52,8,0.97,0
2,158,189,40,34,0.14,0.77,5,0.59,0
14,132,181,31,53,0.89,0.66,4,0.82,1
5,175,283,7,74,0.69,0.82,6,0.87,0
9,137,268,55,76,0.66,0.49,12,0.96,0
1,157,144,7,14,0.37,0.81,8,0.82,0
5,115,180,42,5,0.92,0.52,34,0.99,2
14,79,219,16,12,0.29,0.95,25,0.67,2
9,26,245,30,36,0.31,0.54,48,0.67,2
1,124,195,20,46,0.61,0.52,14,0.77,0
9,172,104,26,4,0.41,0.81,9,0.69,0
8,47,20,0,3,0.37,0.84,1,0.5,0
4,52,77,13,7,0.81,0.6,2,0.87,2
12,149,219,9,22,0.82,0.26,6,0.88,1
11,133,205,43,40,1.01,0.52,38,0.87,2
10,139,107,29,14,0.56,0.97,21,0.67,2
5,68,102,13,24,0.18,0.78,0,0.76,0
13,40,31,4,1,0.4,0.83,0,0.68,0
5,131,181,50,42,1.18,0.13,15,0.51,2
11,66,143,22,2,0.76,0.52,5,0.78,1
12,52,34,4,1,0.88,0.68,2,0.56,0
6,78,194,33,38,0.11,0.85,5,0.54,0
7,158,94,19,24,0.67,0.14,8,0.88,0
8,171,64,2,4,0.14,0.87,3,0.5,0
14,26,260,64,25,0.73,0.59,18,0.98,1
8,34,153,19,24,1.11,0.28,2,0.76,2
11,160,176,3,11,1.17,0.39,15,0.99,1
14,66,233,54,56,0.69,0.35,45,0.53,2
13,32,229,25,53,0.6,0.58,15,0.79,0
2,70,188,5,8,1.14,0.15,32,0.67,2
9,38,128,24,17,0.84,0.24,21,0.92,2
7,44,274,72,63,0.17,0.83,52,0.68,2
4,94,159,42,16,0.61,0.22,25,0.63,2
4,36,224,64,42,0.36,0.31,29,0.93,1
11,45,206,53,3,0.62,0.51,35,0.69,2
8,87,51,0,9,0.6,0.57,0,0.51,0
4,23,62,7,2,0.74,0.79,5,0.7,0
13,67,260,63,64,0.49,0.5,51,0.83,1
6,65,280,30,29,0.28,0.81,43,0.63,2
5,161,132,23,11,0.65,0.66,25,0.72,1
3,173,275,50,69,1.01,0.2,42,0.53,2
13,127,38,4,0,0.83,0.24,6,0.79,2
14,27,44,11,5,0.47,0.49,6,0.88,1
10,169,15,2,1,1.13,0.46,2,0.71,2
11,123,120,16,10,1.1,0.77,12,0.71,0
2,66,86,25,23,0.33,0.62,15,0.54,2
9,165,156,23,35,0.14,0.45,25,0.6,2
10,92,76,4,1,0.92,0.25,12,0.58,2
9,35,17,2,3,1.01,0.3,2,0.74,2
1,43,131,31,20,1.16,0.62,7,0.76,1
10,17,184,42,49,1.08,0.48,1,0.97,2
3,72,188,44,17,0.76,0.56,35,0.54,2
8,21,94,19,16,0.68,0.25,11,0.8,2
6,25,54,4,8,0.13,0.7,3,0.76,0
5,132,145,37,21,0.37,0.87,4,0.76,0
5,172,25,6,3,0.61,0.33,4,0.94,2
6,47,204,11,12,0.79,0.54,34,0.6,2
7,95,18,0,4,0.71,0.98,2,0.52,2
1,111,24,7,3,0.92,0.4,3,0.84,2
9,140,111,28,31,0.41,0.64,8,0.67,0
3,88,235,62,18,0.72,0.18,14,0.51,2
4,118,287,76,58,0.2,0.65,0,0.63,0
10,62,122,19,34,0.56,0.18,20,0.65,2
1,92,10,1,1,0.93,0.96,0,0.81,0
13,106,275,44,71,0.86,0.74,34,0.59,2
11,167,217,3,53,1.19,0.81,21,0.71,0
10,31,119,26,12,0.41,0.73,12,0.74,1
3,109,209,31,37,0.65,0.63,38,0.73,1
2,51,21,4,0,0.46,0.5,0,0.99,0
2,100,197,29,31,0.58,0.87,30,0.52,2
14,101,163,24,11,1.04,0.96,1,0.98,0
1,63,288,14,64,0.85,0.55,2,0.79,2
8,21,180,15,28,1.07,0.94,15,0.9,0
3,147,143,6,17,0.32,0.62,1,0.72,0
3,82,34,1,2,1.06,0.58,5,0.73,2
6,134,27,7,8,0.17,0.51,2,0.94,0
13,77,199,9,4,1.08,0.29,1,0.95,1
8,170,150,12,1,0.46,0.1,1,0.62,0
13,169,52,9,3,0.45,0.32,6,0.6,2
9,152,293,53,85,0.66,0.56,47,0.75,1
9,134,155,7,45,1.13,0.44,13,0.95,2
4,78,101,24,19,0.15,0.5,11,0.66,2
14,120,188,44,49,0.49,0.98,30,0.83,1
5,160,65,4,4,1.04,0.42,7,0.85,2
2,150,164,14,47,0.54,0.51,7,0.89,0
11,168,169,47,7,0.32,0.22,20,0.78,1
9,175,120,29,3,0.57,0.14,15,0.7,2
8,113,146,30,4,0.52,0.8,21,0.98,1
3,95,241,5,41,1.11,0.61,29,0.81,2
11,156,229,28,53,0.94,0.78,44,0.86,2
12,64,77,12,8,0.66,0.23,3,0.67,1
13,154,258,14,75,1.19,0.61,49,0.83,2
9,96,15,2,1,0.61,0.33,1,0.63,1
3,125,289,52,13,0.16,0.31,38,0.62,2
9,69,103,10,14,0.39,0.11,2,0.86,0
2,178,278,65,56,0.58,0.22,21,0.76,0
12,158,206,51,51,0.27,0.38,31,0.84,1
10,170,34,3,4,1.14,0.21,4,0.63,2
9,174,157,39,27,0.94,0.99,1,0.8,1
8,73,127,3,10,0.4,0.38,13,0.72,1
9,133,75,18,14,0.75,0.22,1,0.8,2
5,151,184,8,54,0.89,0.28,36,0.65,2
11,36,85,2,1,1.14,0.63,15,0.86,1
11,162,123,23,32,1.07,0.16,0,0.9,2
2,26,120,16,20,0.67,0.88,20,0.63,2
8,114,258,70,19,0.95,0.97,47,0.65,2
12,174,212,23,60,0.72,0.32,14,0.83,1
6,37,156,13,22,0.71,0.51,22,0.85,1
8,121,44,6,4,0.23,0.12,3,0.85,0
11,24,35,4,1,0.24,0.68,4,0.84,1
5,30,247,25,18,0.68,0.47,16,0.7,0
10,38,23,4,5,0.4,0.34,1,0.7,0
2,107,54,12,9,0.12,0.29,4,0.63,0
6,34,225,57,61,0.9,0.69,6,0.58,2
